postedDate,eventDate,voidedDate,event,basis,action,entryNumber,portOfEntry,entryDate,entryType,teamNumber
,,,Extended,Customs Extension,,NP810005447,5301,,47,6D0
,,,Extended,Customs Extension,,NP810005439,5301,,47,6D0
,,,Extended,Customs Extension,,NP810005421,5301,,47,6D0
,,,Extended,Customs Extension,,NP810005413,5301,,47,6D0
,,,Extended,Customs Extension,,NP810005405,5301,,47,6D0
,,,Extended,Customs Extension,,NP810005397,5301,,47,6D0
,,,Extended,Customs Extension,,NP810005389,5301,,47,6D0
,,,Extended,Customs Extension,,NP810005371,5301,,47,6D0
,,,Extended,Customs Extension,,NP810005363,5301,,47,6D0
,,,Extended,Customs Extension,,NP810005355,5301,,47,6D0
,,,Extended,Customs Extension,,NP810005348,5301,,47,6D0
,,,Extended,Customs Extension,,NP810005330,5301,,47,6D0
,,,Extended,Customs Extension,,NP810005322,5301,,47,6D0
,,,Extended,Customs Extension,,NP810005314,5301,,47,6D0
,,,Extended,Customs Extension,,NP810005306,5301,,47,6D0
,,,Extended,Customs Extension,,NP810005298,5301,,47,6D0
,,,Extended,Customs Extension,,NP810005280,5301,,47,6D0
,,,Extended,Customs Extension,,NP810005272,5301,,47,6D0
,,,Extended,Customs Extension,,NP810005264,5301,,47,6D0
,,,Extended,Customs Extension,,NP810005256,5301,,47,6D0
,,,Extended,Customs Extension,,NP810005249,5301,,47,6D0
,,,Extended,Customs Extension,,NP810005181,5301,,47,6D0
,,,Extended,Customs Extension,,94324094245,5301,,47,6D0
,,,Extended,Customs Extension,,94324094237,5301,,47,6D0
,,,Extended,Customs Extension,,SQ310074431,5301,,47,6D0
,,,Extended,Customs Extension,,WBA10137106,5301,,47,6D0
,,,Extended,Customs Extension,,JF901325064,5301,,47,6D0
,,,Extended,Customs Extension,,AA603406510,5301,,47,6D0
,,,Liquidated,,Change Increase,SQ310072997,5301,,47,6D0
,,,Liquidated,,Change Increase,JF901324877,5301,,47,6D0
,,,Liquidated,,Change Increase,NP810004796,5301,,47,6D0
,,,Liquidated,,Change Increase,NP810005173,5301,,47,6D0
,,,Liquidated,,Change Increase,NP810005041,5301,,47,6D0
,,,Liquidated,,Change Increase,NP810004945,5301,,47,6D0
,,,Liquidated,,Change Increase,NP810004879,5301,,47,6D0
,,,Liquidated,,Change Increase,NP810004994,5301,,47,6D0
,,,Liquidated,,Change Increase,NP810005157,5301,,47,6D0
,,,Liquidated,,Change Increase,NP810004903,5301,,47,6D0
,,,Liquidated,,Change Increase,NP810004986,5301,,47,6D0
,,,Liquidated,,Change Increase,NP810005090,5301,,47,6D0
,,,Liquidated,,Change Increase,NP810004952,5301,,47,6D0
,,,Liquidated,,Change Increase,NP810005165,5301,,47,6D0
,,,Liquidated,,Change Increase,NP810004911,5301,,47,6D0
,,,Liquidated,,Change Increase,NP810004895,5301,,47,6D0
,,,Liquidated,,Change Increase,NP810005082,5301,,47,6D0
,,,Liquidated,,Change Increase,NP810005124,5301,,47,6D0
,,,Liquidated,,Change Increase,NP810005074,5301,,47,6D0
,,,Liquidated,,Change Increase,NP810005025,5301,,47,6D0
,,,Liquidated,,Change Increase,NP810005009,5301,,47,6D0
,,,Liquidated,,Change Increase,NP810004960,5301,,47,6D0
,,,Liquidated,,Change Increase,NP810004929,5301,,47,6D0
,,,Liquidated,,Change Increase,NP810005140,5301,,47,6D0
,,,Liquidated,,Change Increase,NP810004937,5301,,47,6D0
,,,Liquidated,,Change Increase,NP810005108,5301,,47,6D0
,,,Liquidated,,Change Increase,NP810004978,5301,,47,6D0
,,,Liquidated,,No Change,ARV60247447,5301,,47,6D0
,,,Liquidated,,No Change,DW719112511,5301,,47,6D0
,,,Liquidated,,No Change,BER90171123,5301,,47,6D0
,,,Liquidated,,No Change,BER90173541,5301,,47,6D0
,,,Liquidated,,No Change,AA603405967,5301,,47,6D0
,,,Liquidated,,No Change,BER90173483,5301,,47,6D0
,,,Liquidated,,No Change,BER90171545,5301,,47,6D0
,,,Liquidated,,No Change,BER90173368,5301,,47,6D0
,,,Liquidated,,No Change,BER90171982,5301,,47,6D0
,,,Liquidated,,No Change,BER90172410,5301,,47,6D0
,,,Liquidated,,No Change,BER90172519,5301,,47,6D0
,,,Liquidated,,No Change,BER90173269,5301,,47,6D0
,,,Liquidated,,Change Increase,EI519291071,5301,,47,6D0
,,,Extended,Customs Extension,,BER90163682,5301,,47,6D0
,,,Extended,Customs Extension,,BER90163666,5301,,47,6D0
,,,Extended,Customs Extension,,JF901324877,5301,,47,6D0
,,,Liquidated,,Change Increase,WBA10136520,5301,,47,6D0
,,,Liquidated,,Change Increase,NP810005132,5301,,47,6D0
,,,Liquidated,,Change Increase,NP810005033,5301,,47,6D0
,,,Liquidated,,Change Increase,NP810005116,5301,,47,6D0
,,,Liquidated,,Change Increase,NP810005058,5301,,47,6D0
,,,Liquidated,,Change Increase,NP810005066,5301,,47,6D0
,,,Liquidated,,Change Increase,NP810005017,5301,,47,6D0
,,,Liquidated,,Change Increase,SQ310073003,5301,,47,6D0
,,,Extended,Customs Extension,,SQ310074316,5301,,47,6D0
,,,Extended,Customs Extension,,BER90178227,5301,,47,6D0
,,,Extended,Customs Extension,,94324094229,5301,,47,6D0
,,,Extended,Customs Extension,,BER90178219,5301,,47,6D0
,,,Extended,Customs Extension,,AA603406395,5301,,47,6D0
,,,Extended,Customs Extension,,SQ310089207,5301,,47,6D0
,,,Extended,Customs Extension,,9S300000483,5301,,47,6D0
,,,Extended,Customs Extension,,JF901324372,5301,,47,6D0
,,,Extended,Customs Extension,,JF901324091,5301,,47,6D0
,,,Extended,Customs Extension,,AA603411221,5301,,47,6D0
,,,Extended,Customs Extension,,AA603411098,5301,,47,6D0
,,,Extended,Customs Extension,,BER90178144,5301,,47,6D0
,,,Extended,Customs Extension,,BER90178342,5301,,47,6D0
,,,Extended,Customs Extension,,96802006732,5301,,47,6D0
,,,Extended,Customs Extension,,D9713098637,5301,,47,6D0
,,,Extended,Customs Extension,,D9713083381,5301,,47,6D0
,,,Extended,Customs Extension,,NP810004861,5301,,47,6D0
,,,Extended,Customs Extension,,NP810004853,5301,,47,6D0
,,,Extended,Customs Extension,,NP810004846,5301,,47,6D0
,,,Extended,Customs Extension,,NP810004838,5301,,47,6D0
,,,Extended,Customs Extension,,NP810004820,5301,,47,6D0
,,,Extended,Customs Extension,,NP810005447,5301,,47,6D0
,,,Extended,Customs Extension,,NP810005439,5301,,47,6D0
,,,Extended,Customs Extension,,NP810005421,5301,,47,6D0
,,,Extended,Customs Extension,,NP810005413,5301,,47,6D0
,,,Extended,Customs Extension,,NP810005405,5301,,47,6D0
,,,Extended,Customs Extension,,NP810005397,5301,,47,6D0
,,,Extended,Customs Extension,,NP810005389,5301,,47,6D0
,,,Extended,Customs Extension,,NP810005371,5301,,47,6D0
,,,Extended,Customs Extension,,NP810005363,5301,,47,6D0
,,,Extended,Customs Extension,,NP810005355,5301,,47,6D0
,,,Extended,Customs Extension,,NP810005348,5301,,47,6D0
,,,Extended,Customs Extension,,NP810005330,5301,,47,6D0
,,,Extended,Customs Extension,,NP810005322,5301,,47,6D0
,,,Extended,Customs Extension,,NP810005314,5301,,47,6D0
,,,Extended,Customs Extension,,NP810005306,5301,,47,6D0
,,,Extended,Customs Extension,,NP810005298,5301,,47,6D0
,,,Extended,Customs Extension,,NP810005280,5301,,47,6D0
,,,Extended,Customs Extension,,NP810005272,5301,,47,6D0
,,,Extended,Customs Extension,,NP810005264,5301,,47,6D0
,,,Extended,Customs Extension,,NP810005256,5301,,47,6D0
,,,Extended,Customs Extension,,NP810005249,5301,,47,6D0
,,,Extended,Customs Extension,,NP810005181,5301,,47,6D0
,,,Extended,Customs Extension,,94324094245,5301,,47,6D0
,,,Extended,Customs Extension,,94324094237,5301,,47,6D0
,,,Extended,Customs Extension,,SQ310074431,5301,,47,6D0
,,,Extended,Customs Extension,,WBA10137106,5301,,47,6D0
,,,Extended,Customs Extension,,JF901325064,5301,,47,6D0
,,,Extended,Customs Extension,,AA603406510,5301,,47,6D0
,,,Liquidated,,Change Increase,SQ310072997,5301,,47,6D0
,,,Liquidated,,Change Increase,JF901324877,5301,,47,6D0
,,,Liquidated,,Change Increase,NP810004796,5301,,47,6D0
,,,Liquidated,,Change Increase,NP810005173,5301,,47,6D0
,,,Liquidated,,Change Increase,NP810005041,5301,,47,6D0
,,,Liquidated,,Change Increase,NP810004945,5301,,47,6D0
,,,Liquidated,,Change Increase,NP810004879,5301,,47,6D0
,,,Liquidated,,Change Increase,NP810004994,5301,,47,6D0
,,,Liquidated,,Change Increase,NP810005157,5301,,47,6D0
,,,Liquidated,,Change Increase,NP810004903,5301,,47,6D0
,,,Liquidated,,Change Increase,NP810004986,5301,,47,6D0
,,,Liquidated,,Change Increase,NP810005090,5301,,47,6D0
,,,Liquidated,,Change Increase,NP810004952,5301,,47,6D0
,,,Liquidated,,Change Increase,NP810005165,5301,,47,6D0
,,,Liquidated,,Change Increase,NP810004911,5301,,47,6D0
,,,Liquidated,,Change Increase,NP810004895,5301,,47,6D0
,,,Liquidated,,Change Increase,NP810005082,5301,,47,6D0
,,,Liquidated,,Change Increase,NP810005124,5301,,47,6D0
,,,Liquidated,,Change Increase,NP810005074,5301,,47,6D0
,,,Liquidated,,Change Increase,NP810005025,5301,,47,6D0
,,,Liquidated,,Change Increase,NP810005009,5301,,47,6D0
,,,Liquidated,,Change Increase,NP810004960,5301,,47,6D0
,,,Liquidated,,Change Increase,NP810004929,5301,,47,6D0
,,,Liquidated,,Change Increase,NP810005140,5301,,47,6D0
,,,Liquidated,,Change Increase,NP810004937,5301,,47,6D0
,,,Liquidated,,Change Increase,NP810005108,5301,,47,6D0
,,,Liquidated,,Change Increase,NP810004978,5301,,47,6D0
,,,Liquidated,,No Change,ARV60247447,5301,,47,6D0
,,,Liquidated,,No Change,DW719112511,5301,,47,6D0
,,,Liquidated,,No Change,BER90171123,5301,,47,6D0
,,,Liquidated,,No Change,BER90173541,5301,,47,6D0
,,,Liquidated,,No Change,AA603405967,5301,,47,6D0
,,,Liquidated,,No Change,BER90173483,5301,,47,6D0
,,,Liquidated,,No Change,BER90171545,5301,,47,6D0
,,,Liquidated,,No Change,BER90173368,5301,,47,6D0
,,,Liquidated,,No Change,BER90171982,5301,,47,6D0
,,,Liquidated,,No Change,BER90172410,5301,,47,6D0
,,,Liquidated,,No Change,BER90172519,5301,,47,6D0
,,,Liquidated,,No Change,BER90173269,5301,,47,6D0
,,,Liquidated,,Change Increase,EI519291071,5301,,47,6D0
,,,Extended,Customs Extension,,BER90163682,5301,,47,6D0
,,,Extended,Customs Extension,,BER90163666,5301,,47,6D0
,,,Extended,Customs Extension,,JF901324877,5301,,47,6D0
,,,Liquidated,,Change Increase,WBA10136520,5301,,47,6D0
,,,Liquidated,,Change Increase,NP810005132,5301,,47,6D0
,,,Liquidated,,Change Increase,NP810005033,5301,,47,6D0
,,,Liquidated,,Change Increase,NP810005116,5301,,47,6D0
,,,Liquidated,,Change Increase,NP810005058,5301,,47,6D0
,,,Liquidated,,Change Increase,NP810005066,5301,,47,6D0
,,,Liquidated,,Change Increase,NP810005017,5301,,47,6D0
,,,Liquidated,,Change Increase,SQ310073003,5301,,47,6D0
,,,Extended,Customs Extension,,SQ310074316,5301,,47,6D0
,,,Extended,Customs Extension,,BER90178227,5301,,47,6D0
,,,Extended,Customs Extension,,94324094229,5301,,47,6D0
,,,Extended,Customs Extension,,BER90178219,5301,,47,6D0
,,,Extended,Customs Extension,,AA603406395,5301,,47,6D0
,,,Extended,Customs Extension,,SQ310089207,5301,,47,6D0
,,,Extended,Customs Extension,,9S300000483,5301,,47,6D0
,,,Extended,Customs Extension,,JF901324372,5301,,47,6D0
,,,Extended,Customs Extension,,JF901324091,5301,,47,6D0
,,,Extended,Customs Extension,,AA603411221,5301,,47,6D0
,,,Extended,Customs Extension,,AA603411098,5301,,47,6D0
,,,Extended,Customs Extension,,BER90178144,5301,,47,6D0
,,,Extended,Customs Extension,,BER90178342,5301,,47,6D0
,,,Extended,Customs Extension,,96802006732,5301,,47,6D0
,,,Extended,Customs Extension,,D9713098637,5301,,47,6D0
,,,Extended,Customs Extension,,D9713083381,5301,,47,6D0
,,,Extended,Customs Extension,,NP810004861,5301,,47,6D0
,,,Extended,Customs Extension,,NP810004853,5301,,47,6D0
,,,Extended,Customs Extension,,NP810004846,5301,,47,6D0
,,,Extended,Customs Extension,,NP810004838,5301,,47,6D0
,,,Extended,Customs Extension,,NP810004820,5301,,47,6D0
,,,Extended,Customs Extension,,NP810004812,5301,,47,6D0
,,,Extended,Customs Extension,,NP810004804,5301,,47,6D0
,,,Extended,Customs Extension,,NP810004564,5301,,47,6D0
,,,Extended,Customs Extension,,8RM00000959,5301,,47,6D0
,,,Extended,Customs Extension,,BER90178292,5301,,47,6D0
,,,Extended,Customs Extension,,8RM00000934,5301,,47,6D0
,,,Extended,Customs Extension,,96801907591,5301,,47,6D0
,,,Extended,Customs Extension,,71602100787,5301,,47,6D0
,,,Extended,Customs Extension,,71602100456,5301,,47,6D0
,,,Extended,Customs Extension,,71602100381,5301,,47,6D0
,,,Extended,Customs Extension,,71602002405,5301,,47,6D0
,,,Extended,Customs Extension,,71602002397,5301,,47,6D0
,,,Extended,Customs Extension,,71602002389,5301,,47,6D0
,,,Extended,Customs Extension,,71602002371,5301,,47,6D0
,,,Extended,Customs Extension,,71601903835,5301,,47,6D0
,,,Extended,Customs Extension,,71601903827,5301,,47,6D0
,,,Extended,Customs Extension,,71601903819,5301,,47,6D0
,,,Extended,Customs Extension,,71601903744,5301,,47,6D0
,,,Extended,Customs Extension,,71601903710,5301,,47,6D0
,,,Extended,Customs Extension,,71602005812,5301,,47,6D0
,,,Extended,Customs Extension,,94324085912,5301,,47,6D0
,,,Extended,Customs Extension,,AA603406346,5301,,47,6D0
,,,Liquidated,,Change Increase,BER90216241,5301,,47,FDB
,,,Liquidated,,No Change,8RM00000231,5301,,47,6D0
,,,Liquidated,,Change Increase,JF901335493,5301,,47,6D0
,,,Liquidated,,No Change,BER90174630,5301,,47,6D0
,,,Liquidated,,No Change,BER90174440,5301,,47,6D0
,,,Liquidated,,No Change,BER90174424,5301,,47,6D0
,,,Liquidated,,No Change,BER90174390,5301,,47,6D0
,,,Liquidated,,No Change,BER90174218,5301,,47,6D0
,,,Liquidated,,No Change,BER90173947,5301,,47,6D0
,,,Liquidated,,No Change,BER90173905,5301,,47,6D0
,,,Liquidated,,No Change,BER90173525,5301,,47,6D0
,,,Liquidated,,No Change,BER90173343,5301,,47,6D0
,,,Liquidated,,No Change,BER90168814,5301,,47,6D0
,,,Liquidated,,No Change,BER90172402,5301,,47,6D0
,,,Liquidated,,No Change,BER90172212,5301,,47,6D0
,,,Liquidated,,No Change,BER90172071,5301,,47,6D0
,,,Liquidated,,No Change,BER90171511,5301,,47,6D0
,,,Liquidated,,No Change,BER90171362,5301,,47,6D0
,,,Liquidated,,No Change,BER90171347,5301,,47,6D0
,,,Liquidated,,No Change,BER90170588,5301,,47,6D0
,,,Liquidated,,No Change,BER90170430,5301,,47,6D0
,,,Liquidated,,No Change,BER90170414,5301,,47,6D0
,,,Liquidated,,No Change,ATJ00037285,5301,,47,6D0
,,,Liquidated,,No Change,71602003080,5301,,47,6D0
,,,Liquidated,,No Change,BER90150929,5301,,47,6D0
,,,Liquidated,,Change Decrease,ATJ00037269,5301,,47,6D0
,,,Liquidated,,No Change,BER90184043,5301,,47,6D0
,,,Liquidated,,Change Decrease,BER90184134,5301,,47,6D0
,,,Liquidated,,No Change,BER90184167,5301,,47,6D0
,,,Liquidated,,No Change,BER90184118,5301,,47,6D0
,,,Liquidated,,No Change,BER90184126,5301,,47,6D0
,,,Liquidated,,No Change,BER90184100,5301,,47,6D0
,,,Liquidated,,No Change,BER90184092,5301,,47,6D0
,,,Liquidated,,No Change,BER90163161,5301,,47,6D0
,,,Liquidated,,Change Increase,D9713088448,5301,,47,6D0
,,,Re-liquidated,,Change Increase,D9713088968,5301,,47,6D0
,,,Extended,Customs Extension,,AA603411072,5301,,47,6D0
,,,Extended,Customs Extension,,W6930066080,5301,,47,6D0
,,,Extended,Customs Extension,,W6930066056,5301,,47,6D0
,,,Extended,Customs Extension,,W6930066049,5301,,47,6D0
,,,Extended,Customs Extension,,71601903835,5301,,47,6D0
,,,Extended,Customs Extension,,DW719122718,5301,,47,6D0
,,,Extended,Customs Extension,,96802006740,5301,,47,6D0
,,,Extended,Customs Extension,,94324085904,5301,,47,6D0
,,,Extended,Customs Extension,,94324085896,5301,,47,6D0
,,,Extended,Customs Extension,,94324085888,5301,,47,6D0
,,,Extended,Customs Extension,,AA603406361,5301,,47,6D0
,,,Extended,Customs Extension,,AA603406197,5301,,47,6D0
,,,Extended,Customs Extension,,AC112959716,5301,,47,6D0
,,,Extended,Customs Extension,,AA603410850,5301,,47,6D0
,,,Extended,Customs Extension,,ATJ00037327,5301,,47,6D0
,,,Extended,Customs Extension,,ATJ00037111,5301,,47,6D0
,,,Extended,Customs Extension,,ATJ00037319,5301,,47,6D0
,,,Extended,Customs Extension,,ATJ00037293,5301,,47,6D0
,,,Extended,Customs Extension,,ATJ00037079,5301,,47,6D0
,,,Extended,Customs Extension,,8RM00000926,5301,,47,6D0
,,,Extended,Customs Extension,,94324085870,5301,,47,6D0
,,,Extended,Customs Extension,,94324085862,5301,,47,6D0
,,,Extended,Customs Extension,,AA603406254,5301,,47,6D0
,,,Extended,Customs Extension,,AA603406239,5301,,47,6D0
,,,Extended,Customs Extension,,AA603406221,5301,,47,6D0
,,,Extended,Customs Extension,,AA603406213,5301,,47,6D0
,,,Extended,Customs Extension,,AA603406205,5301,,47,6D0
,,,Extended,Customs Extension,,NP810004556,5301,,47,6D0
,,,Extended,Customs Extension,,NP810004549,5301,,47,6D0
,,,Extended,Customs Extension,,NP810004531,5301,,47,6D0
,,,Extended,Customs Extension,,NP810004523,5301,,47,6D0
,,,Extended,Customs Extension,,NP810004515,5301,,47,6D0
,,,Extended,Customs Extension,,NP810004507,5301,,47,6D0
,,,Extended,Customs Extension,,NP810004499,5301,,47,6D0
,,,Extended,Customs Extension,,NP810004481,5301,,47,6D0
,,,Extended,Customs Extension,,NP810004473,5301,,47,6D0
,,,Extended,Customs Extension,,NP810004465,5301,,47,6D0
,,,Extended,Customs Extension,,NP810004457,5301,,47,6D0
,,,Extended,Customs Extension,,NP810004440,5301,,47,6D0
,,,Extended,Customs Extension,,NP810004432,5301,,47,6D0
,,,Extended,Customs Extension,,NP810004382,5301,,47,6D0
,,,Extended,Customs Extension,,NP810004374,5301,,47,6D0
,,,Extended,Customs Extension,,NP810004366,5301,,47,6D0
,,,Extended,Customs Extension,,NP810004358,5301,,47,6D0
,,,Extended,Customs Extension,,NP810004341,5301,,47,6D0
,,,Extended,Customs Extension,,NP810004333,5301,,47,6D0
,,,Extended,Customs Extension,,NP810004325,5301,,47,6D0
,,,Extended,Customs Extension,,NP810004317,5301,,47,6D0
,,,Extended,Customs Extension,,NP810004309,5301,,47,6D0
,,,Extended,Customs Extension,,NP810004291,5301,,47,6D0
,,,Extended,Customs Extension,,NP810004283,5301,,47,6D0
,,,Extended,Customs Extension,,NP810004275,5301,,47,6D0
,,,Extended,Customs Extension,,NP810004259,5301,,47,6D0
,,,Extended,Customs Extension,,NP810004242,5301,,47,6D0
,,,Extended,Customs Extension,,NP810004234,5301,,47,6D0
,,,Extended,Customs Extension,,NP810004226,5301,,47,6D0
,,,Extended,Customs Extension,,NP810004218,5301,,47,6D0
,,,Extended,Customs Extension,,NP810004200,5301,,47,6D0
,,,Extended,Customs Extension,,NP810004192,5301,,47,6D0
,,,Extended,Customs Extension,,NP810004184,5301,,47,6D0
,,,Extended,Customs Extension,,NP810004176,5301,,47,6D0
,,,Extended,Customs Extension,,NP810004168,5301,,47,6D0
,,,Extended,Customs Extension,,NP810003947,5301,,47,6D0
,,,Extended,Customs Extension,,WBA10137767,5301,,47,6D0
,,,Extended,Customs Extension,,WBA10137734,5301,,47,6D0
,,,Extended,Customs Extension,,WBA10137700,5301,,47,6D0
,,,Extended,Customs Extension,,WBA10137668,5301,,47,6D0
,,,Extended,Customs Extension,,WBA10137577,5301,,47,6D0
,,,Extended,Customs Extension,,BER90163161,5301,,47,6D0
,,,Extended,Customs Extension,,BER90163161,5301,,47,6D0
,,,Extended,Customs Extension,,BER90178037,5301,,47,6D0
,,,Extended,Customs Extension,,94324085789,5301,,47,6D0
,,,Extended,Customs Extension,,AA603406247,5301,,47,6D0
,,,Extended,Customs Extension,,WBA10137049,5301,,47,6D0
,,,Extended,Customs Extension,,NP810003939,5301,,47,6D0
,,,Extended,Customs Extension,,NP810003921,5301,,47,6D0
,,,Extended,Customs Extension,,NP810003913,5301,,47,6D0
,,,Extended,Customs Extension,,NP810003632,5301,,47,6D0
,,,Extended,Customs Extension,,WBA10137072,5301,,47,6D0
,,,Extended,Customs Extension,,96802006484,5301,,47,6D0
,,,Extended,Customs Extension,,96802006393,5301,,47,6D0
,,,Extended,Customs Extension,,BER90150929,5301,,47,6D0
,,,Extended,Customs Extension,,WBA10136959,5301,,47,6D0
,,,Extended,Customs Extension,,NP810003624,5301,,47,6D0
,,,Liquidated,,Change Increase,WBA10137684,5301,,47,6D0
,,,Liquidated,,Change Increase,D9713088968,5301,,47,6D0
,,,Liquidated,,No Change,ARV60160657,5301,,47,6D0
,,,Liquidated,,No Change,ARV60225955,5301,,47,6D0
,,,Liquidated,,No Change,ARV60225922,5301,,47,6D0
,,,Liquidated,,No Change,ARV60218729,5301,,47,6D0
,,,Liquidated,Drawback Denied,Change Decrease,ARV60172397,5301,,47,6D0
,,,Liquidated,,Change Increase,DL700009426,5301,,47,6D0
,,,Liquidated,,No Change,BER90177526,5301,,47,6D0
,,,Liquidated,,Change Increase,9S300000475,5301,,47,6D0
,,,Liquidated,,Change Increase,9S300000467,5301,,47,6D0
,,,Liquidated,,Change Increase,D9713076393,5301,,47,6D0
,,,Liquidated,,Change Increase,D9713075247,5301,,47,6D0
,,,Liquidated,,No Change,96802005684,5301,,47,6D0
,,,Liquidated,,No Change,96802005692,5301,,47,6D0
,,,Liquidated,,No Change,96802005700,5301,,47,6D0
,,,Liquidated,,No Change,96802005718,5301,,47,6D0
,,,Liquidated,,No Change,96802005734,5301,,47,6D0
,,,Liquidated,,No Change,96802005742,5301,,47,6D0
,,,Liquidated,,No Change,96802005759,5301,,47,6D0
,,,Liquidated,,No Change,96802005767,5301,,47,6D0
,,,Liquidated,,No Change,96802005874,5301,,47,6D0
,,,Liquidated,,No Change,AA603411049,5301,,47,6D0
,,,Extended,Customs Extension,,94324094203,5301,,47,6D0
,,,Extended,Customs Extension,,94324094195,5301,,47,6D0
,,,Extended,Customs Extension,,94324094187,5301,,47,6D0
,,,Extended,Customs Extension,,94324094179,5301,,47,6D0
,,,Extended,Customs Extension,,94324094161,5301,,47,6D0
,,,Extended,Customs Extension,,94324094153,5301,,47,6D0
,,,Extended,Customs Extension,,94324094146,5301,,47,6D0
,,,Extended,Customs Extension,,94324094138,5301,,47,6D0
,,,Extended,Customs Extension,,94324094120,5301,,47,6D0
,,,Extended,Customs Extension,,94324094096,5301,,47,6D0
,,,Extended,Customs Extension,,94324094088,5301,,47,6D0
,,,Extended,Customs Extension,,E5S13130010,5301,,47,6D0
,,,Extended,Customs Extension,,SQ310075347,5301,,47,6D0
,,,Extended,Customs Extension,,SQ310075339,5301,,47,6D0
,,,Extended,Customs Extension,,SQ310074548,5301,,47,6D0
,,,Extended,Customs Extension,,BER90177856,5301,,47,6D0
,,,Extended,Customs Extension,,BER90162791,5301,,47,6D0
,,,Suspended,Subject to Injunction,,BER90162791,5301,,47,6D0
,,,Extended,Customs Extension,,AA603406098,5301,,47,6D0
,,,Extended,Customs Extension,,94324094112,5301,,47,6D0
,,,Extended,Customs Extension,,94324094104,5301,,47,6D0
,,,Extended,Customs Extension,,96802006385,5301,,47,6D0
,,,Extended,Customs Extension,,AA603406130,5301,,47,6D0
,,,Extended,Customs Extension,,BER90162791,5301,,47,6D0
,,,Extended,Customs Extension,,E5S34835670,5301,,47,6D0
,,,Extended,Customs Extension,,E5S34835688,5301,,47,6D0
,,,Extended,Customs Extension,,E5S34835696,5301,,47,6D0
,,,Extended,Customs Extension,,E5S34835704,5301,,47,6D0
,,,Extended,Customs Extension,,E5S34835712,5301,,47,6D0
,,,Extended,Customs Extension,,E5S34835720,5301,,47,6D0
,,,Extended,Customs Extension,,E5S34835720,5301,,47,6D0
,,,Extended,Customs Extension,,E5S34835738,5301,,47,6D0
,,,Extended,Customs Extension,,E5S34835746,5301,,47,6D0
,,,Extended,Customs Extension,,E5S34835753,5301,,47,6D0
,,,Extended,Customs Extension,,E5S34835761,5301,,47,6D0
,,,Extended,Customs Extension,,E5S34835779,5301,,47,6D0
,,,Extended,Customs Extension,,E5S34835787,5301,,47,6D0
,,,Extended,Customs Extension,,E5S34835795,5301,,47,6D0
,,,Extended,Customs Extension,,E5S34835803,5301,,47,6D0
,,,Extended,Customs Extension,,E5S34835811,5301,,47,6D0
,,,Extended,Customs Extension,,E5S34835829,5301,,47,6D0
,,,Extended,Customs Extension,,E5S34835837,5301,,47,6D0
,,,Extended,Customs Extension,,E5S34835845,5301,,47,6D0
,,,Extended,Customs Extension,,E5S34835852,5301,,47,6D0
,,,Extended,Customs Extension,,E5S34835860,5301,,47,6D0
,,,Extended,Customs Extension,,E5S34835886,5301,,47,6D0
,,,Extended,Customs Extension,,E5S34835878,5301,,47,6D0
,,,Extended,Customs Extension,,E5S34835894,5301,,47,6D0
,,,Extended,Customs Extension,,E5S34835902,5301,,47,6D0
,,,Extended,Customs Extension,,E5S34835910,5301,,47,6D0
,,,Extended,Customs Extension,,E5S34835928,5301,,47,6D0
,,,Extended,Customs Extension,,E5S34835936,5301,,47,6D0
,,,Extended,Customs Extension,,E5S34835944,5301,,47,6D0
,,,Extended,Customs Extension,,E5S34835951,5301,,47,6D0
,,,Extended,Customs Extension,,E5S34835969,5301,,47,6D0
,,,Extended,Customs Extension,,8YE00065516,5301,,47,6D0
,,,Extended,Customs Extension,,94324085920,5301,,47,6D0
,,,Extended,Customs Extension,,WBA10137668,5301,,47,6D0
,,,Extended,Customs Extension,,8RM00000900,5301,,47,6D0
,,,Re-liquidated,,No Change,BER90176247,5301,,47,6D0
,,,Liquidated,,Change Increase,D9713059944,5301,,47,6D0
,,,Liquidated,,Change Decrease,BER90166933,5301,,47,6D0
,,,Liquidated,,Change Increase,N8498002854,5301,,47,6D0
,,,Liquidated,,No Change,BER90183250,5301,,47,6D0
,,,Liquidated,,No Change,BER90166529,5301,,47,6D0
,,,Liquidated,,Change Increase,BER90177351,5301,,47,6D0
,,,Liquidated,,No Change,D9716783268,5301,,47,6D0
,,,Liquidated,,No Change,DL700009368,5301,,47,6D0
,,,Liquidated,,Change Increase,N8498002847,5301,,47,6D0
,,,Liquidated,,Change Increase,N8498002839,5301,,47,6D0
,,,Liquidated,,No Change,CWL55637186,5301,,47,6D0
,,,Liquidated,,No Change,CWL55499223,5301,,47,6D0
,,,Liquidated,,No Change,AA603400505,5301,,47,6D0
,,,Extended,Customs Extension,,96802006310,5301,,47,6D0
,,,Extended,Customs Extension,,8RM00000918,5301,,47,6D0
,,,Extended,Customs Extension,,SQ310073466,5301,,47,6D0
,,,Extended,Customs Extension,,JF901324117,5301,,47,6D0
,,,Extended,Customs Extension,,JF901324109,5301,,47,6D0
,,,Extended,Customs Extension,,WBA10137015,5301,,47,6D0
,,,Extended,Customs Extension,,NP810003905,5301,,47,6D0
,,,Extended,Customs Extension,,NP810003897,5301,,47,6D0
,,,Extended,Customs Extension,,NP810003889,5301,,47,6D0
,,,Extended,Customs Extension,,NP810003871,5301,,47,6D0
,,,Extended,Customs Extension,,NP810003616,5301,,47,6D0
,,,Extended,Customs Extension,,NP810003608,5301,,47,6D0
,,,Extended,Customs Extension,,NP810003590,5301,,47,6D0
,,,Extended,Customs Extension,,NP810003582,5301,,47,6D0
,,,Extended,Customs Extension,,NP810003574,5301,,47,6D0
,,,Extended,Customs Extension,,NP810003566,5301,,47,6D0
,,,Extended,Customs Extension,,NP810003558,5301,,47,6D0
,,,Extended,Customs Extension,,NP810003541,5301,,47,6D0
,,,Extended,Customs Extension,,NP810003533,5301,,47,6D0
,,,Extended,Customs Extension,,NP810003525,5301,,47,6D0
,,,Extended,Customs Extension,,NP810003517,5301,,47,6D0
,,,Extended,Customs Extension,,NP810003509,5301,,47,6D0
,,,Extended,Customs Extension,,NP810003491,5301,,47,6D0
,,,Extended,Customs Extension,,NP810003483,5301,,47,6D0
,,,Extended,Customs Extension,,NP810003475,5301,,47,6D0
,,,Extended,Customs Extension,,NP810002808,5301,,47,6D0
,,,Extended,Customs Extension,,NP810002709,5301,,47,6D0
,,,Extended,Customs Extension,,SQ310100244,5301,,47,6D0
,,,Extended,Customs Extension,,SQ310075321,5301,,47,6D0
,,,Extended,Customs Extension,,SQ310075313,5301,,47,6D0
,,,Extended,Customs Extension,,SQ310073193,5301,,47,6D0
,,,Liquidated,,No Change,BER90212935,5301,,47,6D0
,,,Liquidated,,No Change,BER90212414,5301,,47,6D0
,,,Liquidated,Drawback Denied,Change Decrease,40423323662,5301,,47,6D0
,,,Liquidated,,No Change,DL700009350,5301,,47,6D0
,,,Liquidated,,No Change,AA603405710,5301,,47,6D0
,,,Liquidated,,No Change,BER90213024,5301,,47,6D0
,,,Re-liquidated,,Change Increase,N8498002813,5301,,47,6D0
,,,Re-liquidated,,Change Increase,N8498002805,5301,,47,6D0
,,,Liquidated,,Change Increase,D9713032875,5301,,47,6D0
,,,Liquidated,,Change Increase,D9713032768,5301,,47,6D0
,,,Re-liquidated,,Change Increase,N8498002797,5301,,47,6D0
,,,Re-liquidated,,Change Increase,N8498002821,5301,,47,6D0
,,,Re-liquidated,,Change Increase,N8498002789,5301,,47,6D0
,,,Liquidated,,No Change,AA603405785,5301,,47,6D0
,,,Liquidated,,Change Increase,DL700009343,5301,,47,6D0
,,,Liquidated,,Change Increase,AA603404267,5301,,47,6D0
,,,Extended,Customs Extension,,BER90161819,5301,,47,6D0
,,,Extended,Customs Extension,,JF901323853,5301,,47,6D0
,,,Extended,Customs Extension,,E5S77780080,5301,,47,6D0
,,,Extended,Customs Extension,,E5S77780072,5301,,47,6D0
,,,Extended,Customs Extension,,E5S77780064,5301,,47,6D0
,,,Extended,Customs Extension,,E5S77780031,5301,,47,6D0
,,,Extended,Customs Extension,,E5S77780023,5301,,47,6D0
,,,Extended,Customs Extension,,E5S77770057,5301,,47,6D0
,,,Extended,Customs Extension,,E5S77770040,5301,,47,6D0
,,,Extended,Customs Extension,,E5S77770024,5301,,47,6D0
,,,Extended,Customs Extension,,NP810010553,5301,,47,6D0
,,,Extended,Customs Extension,,NP810009035,5301,,47,6D0
,,,Extended,Customs Extension,,NP810004424,5301,,47,6D0
,,,Extended,Customs Extension,,NP810009431,5301,,47,6D0
,,,Extended,Customs Extension,,NP810009423,5301,,47,6D0
,,,Extended,Customs Extension,,NP810009415,5301,,47,6D0
,,,Extended,Customs Extension,,NP810009407,5301,,47,6D0
,,,Extended,Customs Extension,,NP810009399,5301,,47,6D0
,,,Extended,Customs Extension,,NP810010082,5301,,47,6D0
,,,Extended,Customs Extension,,NP810004788,5301,,47,6D0
,,,Extended,Customs Extension,,NP810004416,5301,,47,6D0
,,,Extended,Customs Extension,,NP810004408,5301,,47,6D0
,,,Extended,Customs Extension,,NP810004150,5301,,47,6D0
,,,Extended,Customs Extension,,NP810003863,5301,,47,6D0
,,,Extended,Customs Extension,,NP810003855,5301,,47,6D0
,,,Extended,Customs Extension,,NP810003467,5301,,47,6D0
,,,Extended,Customs Extension,,NP810003459,5301,,47,6D0
,,,Extended,Customs Extension,,BER90166933,5301,,47,6D0
,,,Extended,Customs Extension,,8RM00000892,5301,,47,6D0
,,,Extended,Customs Extension,,AC112971331,5301,,47,6D0
,,,Extended,Customs Extension,,ATJ00036907,5301,,47,6D0
,,,Extended,Customs Extension,,BER90162486,5301,,47,6D0
,,,Extended,Customs Extension,,NP810002790,5301,,47,6D0
,,,Extended,Customs Extension,,NP810002782,5301,,47,6D0
,,,Extended,Customs Extension,,NP810002774,5301,,47,6D0
,,,Extended,Customs Extension,,NP810002766,5301,,47,6D0
,,,Extended,Customs Extension,,NP810002758,5301,,47,6D0
,,,Extended,Customs Extension,,NP810002741,5301,,47,6D0
,,,Extended,Customs Extension,,NP810002733,5301,,47,6D0
,,,Extended,Customs Extension,,NP810002725,5301,,47,6D0
,,,Liquidated,,No Change,BER90176668,5301,,47,6D0
,,,Extended,Customs Extension,,WBA10136967,5301,,47,6D0
,,,Liquidated,,No Change,BER90183029,5301,,47,6D0
,,,Liquidated,,No Change,BER90174986,5301,,47,6D0
,,,Liquidated,,No Change,BER90172220,5301,,47,6D0
,,,Liquidated,,No Change,BER90170927,5301,,47,6D0
,,,Liquidated,,No Change,JF901320677,5301,,47,6D0
,,,Liquidated,,No Change,79995105630,5301,,47,6D0
,,,Liquidated,,Change Increase,D9713021167,5301,,47,6D0
,,,Liquidated,,Change Increase,D9713019492,5301,,47,6D0
,,,Re-liquidated,,Change Increase,D9713006424,5301,,47,6D0
,,,Liquidated,,Change Decrease,AA603405371,5301,,47,6D0
,,,Re-liquidated,,No Change,JF901320628,5301,,47,6D0
,,,Re-liquidated,,No Change,JF901320636,5301,,47,6D0
,,,Liquidated,Drawback Denied,Change Decrease,NP810002048,5301,,47,6D0
,,,Liquidated,Drawback Denied,Change Decrease,NP810002261,5301,,47,6D0
,,,Liquidated,Drawback Denied,Change Decrease,NP810002253,5301,,47,6D0
,,,Liquidated,Drawback Denied,Change Decrease,NP810001891,5301,,47,6D0
,,,Liquidated,Drawback Denied,Change Decrease,NP810002303,5301,,47,6D0
,,,Liquidated,,No Change,BER90176916,5301,,47,6D0
,,,Liquidated,,No Change,BER90176841,5301,,47,6D0
,,,Liquidated,,No Change,BER90176643,5301,,47,6D0
,,,Liquidated,,Change Increase,N8498002789,5301,,47,6D0
,,,Liquidated,,No Change,BER90171768,5301,,47,6D0
,,,Liquidated,,No Change,BER90171750,5301,,47,6D0
,,,Liquidated,,Change Increase,N8498002821,5301,,47,6D0
,,,Liquidated,,Change Increase,N8498002813,5301,,47,6D0
,,,Liquidated,,Change Increase,N8498002805,5301,,47,6D0
,,,Liquidated,,Change Increase,SQ310088977,5301,,47,6D0
,,,Liquidated,,Change Increase,N8498002797,5301,,47,6D0
,,,Liquidated,Drawback Denied,Change Decrease,NP810002147,5301,,47,6D0
,,,Liquidated,Drawback Denied,Change Decrease,NP810002311,5301,,47,6D0
,,,Liquidated,Drawback Denied,Change Decrease,NP810002097,5301,,47,6D0
,,,Liquidated,Drawback Denied,Change Decrease,NP810002113,5301,,47,6D0
,,,Liquidated,Drawback Denied,Change Decrease,NP810002121,5301,,47,6D0
,,,Re-liquidated,Drawback Denied,Change Decrease,NP810002071,5301,,47,6D0
,,,Re-liquidated,Drawback Denied,Change Decrease,NP810002055,5301,,47,6D0
,,,Re-liquidated,Drawback Denied,Change Decrease,NP810002089,5301,,47,6D0
,,,Liquidated,Drawback Denied,Change Decrease,NP810001859,5301,,47,6D0
,,,Liquidated,,No Change,BER90176247,5301,,47,6D0
,,,Liquidated,Drawback Denied,Change Decrease,JF901300638,5301,,47,6D0
,,,Liquidated,,No Change,BER90176569,5301,,47,6D0
,,,Liquidated,,No Change,SQ310072740,5301,,47,6D0
,,,Re-liquidated,Drawback Denied,Change Decrease,NP810002022,5301,,47,6D0
,,,Extended,Customs Extension,,W6930064697,5301,,47,6D0
,,,Extended,Customs Extension,,BER90215409,5301,,47,6D0
,,,Extended,Customs Extension,,JF901323440,5301,,47,ADA
,,,Extended,Customs Extension,,BER90166933,5301,,47,6D0
,,,Extended,Customs Extension,,JF901323465,5301,,47,6D0
,,,Extended,Customs Extension,,AC112943249,5301,,47,6D0
,,,Extended,Customs Extension,,BER90176692,5301,,47,6D0
,,,Extended,Customs Extension,,BER90148212,5301,,47,6D0
,,,Extended,Customs Extension,,8RM00000835,5301,,47,6D0
,,,Extended,Customs Extension,,AA603410702,5301,,47,6D0
,,,Extended,Customs Extension,,NP810003848,5301,,47,6D0
,,,Extended,Customs Extension,,NP810004770,5301,,47,6D0
,,,Extended,Customs Extension,,NP810004390,5301,,47,6D0
,,,Extended,Customs Extension,,NP810003830,5301,,47,6D0
,,,Extended,Customs Extension,,NP810003442,5301,,47,6D0
,,,Extended,Customs Extension,,NP810004762,5301,,47,6D0
,,,Extended,Customs Extension,,NP810004754,5301,,47,6D0
,,,Extended,Customs Extension,,NP810004747,5301,,47,6D0
,,,Extended,Customs Extension,,NP810004739,5301,,47,6D0
,,,Extended,Customs Extension,,NP810004721,5301,,47,6D0
,,,Extended,Customs Extension,,NP810004713,5301,,47,6D0
,,,Extended,Customs Extension,,NP810004705,5301,,47,6D0
,,,Extended,Customs Extension,,NP810004697,5301,,47,6D0
,,,Extended,Customs Extension,,NP810004689,5301,,47,6D0
,,,Extended,Customs Extension,,NP810004671,5301,,47,6D0
,,,Extended,Customs Extension,,NP810004663,5301,,47,6D0
,,,Extended,Customs Extension,,NP810004655,5301,,47,6D0
,,,Extended,Customs Extension,,NP810004648,5301,,47,6D0
,,,Extended,Customs Extension,,NP810004630,5301,,47,6D0
,,,Extended,Customs Extension,,NP810004622,5301,,47,6D0
,,,Extended,Customs Extension,,NP810004614,5301,,47,6D0
,,,Extended,Customs Extension,,NP810004606,5301,,47,6D0
,,,Extended,Customs Extension,,NP810004598,5301,,47,6D0
,,,Extended,Customs Extension,,NP810004580,5301,,47,6D0
,,,Extended,Customs Extension,,NP810004143,5301,,47,6D0
,,,Extended,Customs Extension,,NP810004135,5301,,47,6D0
,,,Extended,Customs Extension,,NP810004127,5301,,47,6D0
,,,Extended,Customs Extension,,NP810004119,5301,,47,6D0
,,,Extended,Customs Extension,,NP810004101,5301,,47,6D0
,,,Extended,Customs Extension,,NP810004093,5301,,47,6D0
,,,Extended,Customs Extension,,NP810004085,5301,,47,6D0
,,,Extended,Customs Extension,,NP810004077,5301,,47,6D0
,,,Extended,Customs Extension,,NP810004069,5301,,47,6D0
,,,Extended,Customs Extension,,NP810004051,5301,,47,6D0
,,,Extended,Customs Extension,,NP810004044,5301,,47,6D0
,,,Extended,Customs Extension,,NP810004036,5301,,47,6D0
,,,Extended,Customs Extension,,NP810004028,5301,,47,6D0
,,,Extended,Customs Extension,,NP810004010,5301,,47,6D0
,,,Extended,Customs Extension,,NP810004002,5301,,47,6D0
,,,Extended,Customs Extension,,NP810003996,5301,,47,6D0
,,,Extended,Customs Extension,,NP810003988,5301,,47,6D0
,,,Extended,Customs Extension,,NP810003970,5301,,47,6D0
,,,Extended,Customs Extension,,AA603405686,5301,,47,6D0
,,,Extended,Customs Extension,,AC112964021,5301,,47,6D0
,,,Liquidated,,No Change,WIB13441335,5301,,47,6D0
,,,Liquidated,,Change Increase,JF901322764,5301,,47,6D0
,,,Liquidated,,No Change,WIB13441368,5301,,47,6D0
,,,Liquidated,,Change Increase,JF901322756,5301,,47,6D0
,,,Liquidated,,Change Increase,JF901322749,5301,,47,6D0
,,,Liquidated,,Change Increase,JF901322731,5301,,47,6D0
,,,Liquidated,,Change Increase,JF901322723,5301,,47,6D0
,,,Liquidated,,Change Increase,AA603410546,5301,,47,6D0
,,,Liquidated,,No Change,WIB13439743,5301,,47,6D0
,,,Liquidated,,No Change,BER90180637,5301,,47,6D0
,,,Liquidated,,No Change,BER90174093,5301,,47,6D0
,,,Re-liquidated,,Change Decrease,NP810002576,5301,,47,6D0
,,,Liquidated,,Change Increase,D9713004593,5301,,47,6D0
,,,Liquidated,,No Change,BER90174085,5301,,47,6D0
,,,Liquidated,,No Change,BER90171941,5301,,47,6D0
,,,Re-liquidated,,Change Decrease,NP810002550,5301,,47,6D0
,,,Liquidated,,No Change,BER90164367,5301,,47,6D0
,,,Re-liquidated,,Change Decrease,NP810002626,5301,,47,6D0
,,,Re-liquidated,,Change Decrease,NP810002618,5301,,47,6D0
,,,Re-liquidated,,Change Decrease,NP810002592,5301,,47,6D0
,,,Liquidated,,No Change,BER90168426,5301,,47,6D0
,,,Re-liquidated,,Change Decrease,NP810002584,5301,,47,6D0
,,,Liquidated,,No Change,BER90166123,5301,,47,6D0
,,,Liquidated,,Change Increase,AHQ00020390,5301,,47,6D0
,,,Liquidated,,Change Increase,D9713006424,5301,,47,6D0
,,,Liquidated,,Change Increase,AHQ00020366,5301,,47,6D0
,,,Liquidated,,Change Increase,8RM00000868,5301,,47,6D0
,,,Extended,Customs Extension,,BER90176668,5301,,47,6D0
,,,Extended,Customs Extension,,BER90176643,5301,,47,6D0
,,,Extended,Customs Extension,,BER90176569,5301,,47,6D0
,,,Extended,Customs Extension,,AHQ00021018,5301,,47,6D0
,,,Extended,Customs Extension,,AHQ00021000,5301,,47,6D0
,,,Extended,Customs Extension,,BER90219609,5301,,47,6D0
,,,Extended,Customs Extension,,BER90219013,5301,,47,6D0
,,,Extended,Customs Extension,,JF901300638,5301,,47,6D0
,,,Extended,Customs Extension,,JF901327417,5301,,47,6D0
,,,Extended,Customs Extension,,8RM00000462,5301,,47,6D0
,,,Extended,Customs Extension,,JF901320677,5301,,47,6D0
,,,Extended,Customs Extension,,NP811001353,5301,,47,6D0
,,,Extended,Customs Extension,,NP810010934,5301,,47,6D0
,,,Extended,Customs Extension,,NP810010934,5301,,47,6D0
,,,Extended,Customs Extension,,NP811001510,5301,,47,6D0
,,,Extended,Customs Extension,,NP810002659,5301,,47,6D0
,,,Extended,Customs Extension,,NP810002865,5301,,47,6D0
,,,Extended,Customs Extension,,NP810002840,5301,,47,6D0
,,,Extended,Customs Extension,,NP810002832,5301,,47,6D0
,,,Extended,Customs Extension,,NP810002824,5301,,47,6D0
,,,Extended,Customs Extension,,NP810002675,5301,,47,6D0
,,,Extended,Customs Extension,,NP810002667,5301,,47,6D0
,,,Extended,Customs Extension,,NP810002659,5301,,47,6D0
,,,Extended,Customs Extension,,NP810002642,5301,,47,6D0
,,,Extended,Customs Extension,,NP810002543,5301,,47,6D0
,,,Extended,Customs Extension,,NP810002535,5301,,47,6D0
,,,Extended,Customs Extension,,NP811001502,5301,,47,6D0
,,,Extended,Customs Extension,,NP810002311,5301,,47,6D0
,,,Extended,Customs Extension,,NP810002303,5301,,47,6D0
,,,Extended,Customs Extension,,NP810002253,5301,,47,6D0
,,,Extended,Customs Extension,,NP810002261,5301,,47,6D0
,,,Extended,Customs Extension,,NP810002048,5301,,47,6D0
,,,Extended,Customs Extension,,NP810002147,5301,,47,6D0
,,,Extended,Customs Extension,,NP810002121,5301,,47,6D0
,,,Extended,Customs Extension,,NP810002113,5301,,47,6D0
,,,Extended,Customs Extension,,NP810002113,5301,,47,6D0
,,,Extended,Customs Extension,,NP810002097,5301,,47,6D0
,,,Extended,Customs Extension,,NP810001859,5301,,47,6D0
,,,Extended,Customs Extension,,SQ310072203,5301,,47,6D0
,,,Extended,Customs Extension,,96802005874,5301,,47,6D0
,,,Extended,Customs Extension,,AA603410587,5301,,47,6D0
,,,Extended,Customs Extension,,AA603410595,5301,,47,6D0
,,,Extended,Customs Extension,,AA603405785,5301,,47,6D0
,,,Extended,Customs Extension,,96802006054,5301,,47,6D0
,,,Extended,Customs Extension,,96801906833,5301,,47,6D0
,,,Extended,Customs Extension,,NP810002600,5301,,47,6D0
,,,Liquidated,,Change Increase,JF901320628,5301,,47,6D0
,,,Liquidated,,Change Increase,JF901320636,5301,,47,6D0
,,,Liquidated,,No Change,AA603410017,5301,,47,6D0
,,,Re-liquidated,,No Change,BER90151653,5301,,47,6D0
,,,Re-liquidated,,No Change,BER90175595,5301,,47,6D0
,,,Liquidated,,Change Increase,D9712998936,5301,,47,6D0
,,,Liquidated,,No Change,AA603409407,5301,,47,6D0
,,,Liquidated,,No Change,AA603408300,5301,,47,6D0
,,,Liquidated,,Change Increase,D9712997326,5301,,47,6D0
,,,Liquidated,,No Change,E5S99993075,5301,,47,6D0
,,,Liquidated,,No Change,E5S99993042,5301,,47,6D0
,,,Liquidated,,No Change,AA603411528,5301,,47,6D0
,,,Liquidated,,No Change,BGX00029567,5301,,47,6D0
,,,Liquidated,,No Change,AA603411510,5301,,47,6D0
,,,Liquidated,,No Change,AA603410611,5301,,47,6D0
,,,Liquidated,,No Change,AA603410256,5301,,47,6D0
,,,Liquidated,,No Change,AA603405272,5301,,47,6D0
,,,Re-liquidated,,Change Increase,D9712984399,5301,,47,6D0
,,,Liquidated,,No Change,ATT00217232,5301,,47,6D0
,,,Liquidated,,Change Increase,NP810002618,5301,,47,6D0
,,,Liquidated,,Change Increase,NP810002584,5301,,47,6D0
,,,Liquidated,,Change Increase,NP810002592,5301,,47,6D0
,,,Liquidated,,Change Increase,NP810002576,5301,,47,6D0
,,,Liquidated,,Change Increase,NP810002550,5301,,47,6D0
,,,Liquidated,,Change Increase,BER90214519,5301,,47,6D0
,,,Liquidated,,Change Increase,NP810002626,5301,,47,6D0
,,,Liquidated,,Change Increase,SQ310094462,5301,,47,6D0
,,,Extended,Customs Extension,,WIB13441335,5301,,47,6D0
,,,Extended,Customs Extension,,JF901322707,5301,,47,6D0
,,,Extended,Customs Extension,,CHQ09163017,5301,,47,6D0
,,,Extended,Customs Extension,,DY219200598,5301,,47,6D0
,,,Extended,Customs Extension,,DY219200572,5301,,47,6D0
,,,Extended,Customs Extension,,8RM00000454,5301,,47,6D0
,,,Extended,Customs Extension,,JF901320610,5301,,47,6D0
,,,Extended,Customs Extension,,BER90161975,5301,,47,6D0
,,,Extended,Customs Extension,,BER90176437,5301,,47,6D0
,,,Extended,Customs Extension,,BER90176429,5301,,47,6D0
,,,Suspended,Court Ordered Suspnd,,BER90187202,5301,,47,ADB
,,,Suspended,Court Ordered Suspnd,,BER90187194,5301,,47,ADB
,,,Suspended,Court Ordered Suspnd,,BER90188622,5301,,47,ADB
,,,Suspended,Court Ordered Suspnd,,BER90188614,5301,,47,ADB
,,,Suspended,Court Ordered Suspnd,,BER90188606,5301,,47,ADB
,,,Suspended,Court Ordered Suspnd,,BER90188598,5301,,47,ADB
,,,Extended,Customs Extension,,BMN02524325,5301,,47,6D0
,,,Extended,Customs Extension,,BMN02567522,5301,,47,6D0
,,,Extended,Customs Extension,,BMN02567506,5301,,47,6D0
,,,Extended,Customs Extension,,BMN02567514,5301,,47,6D0
,,,Liquidated,,Change Increase,D9712984399,5301,,47,6D0
,,,Liquidated,,Change Increase,SQ310093662,5301,,47,6D0
,,,Liquidated,,Change Increase,SQ310092268,5301,,47,6D0
,,,Liquidated,,No Change,71602002298,5301,,47,6D0
,,,Liquidated,,Change Increase,SQ310091906,5301,,47,6D0
,,,Liquidated,,No Change,E5S99993125,5301,,47,6D0
,,,Liquidated,,No Change,AHQ00020416,5301,,47,6D0
,,,Liquidated,,Change Increase,D9712983326,5301,,47,6D0
,,,Liquidated,,No Change,BER90185669,5301,,47,6D0
,,,Liquidated,,Change Increase,8RM00000819,5301,,47,6D0
,,,Liquidated,,No Change,AA603409894,5301,,47,6D0
,,,Liquidated,,No Change,PJ205500540,5301,,47,6D0
,,,Liquidated,,No Change,PJ205500532,5301,,47,6D0
,,,Liquidated,,Change Increase,AHQ00020358,5301,,47,6D0
,,,Re-liquidated,,Change Increase,ATJ00041063,5301,,47,6D0
,,,Extended,Customs Extension,,ATT00217232,5301,,47,6D0
,,,Extended,Customs Extension,,AA603405371,5301,,47,6D0
,,,Extended,Customs Extension,,96802101046,5301,,47,6D0
,,,Extended,Customs Extension,,8RM00000447,5301,,47,6D0
,,,Extended,Customs Extension,,BER90176247,5301,,47,6D0
,,,Extended,Customs Extension,,BER90176205,5301,,47,6D0
,,,Extended,Customs Extension,,BER90159995,5301,,47,6D0
,,,Extended,Customs Extension,,BER90157080,5301,,47,6D0
,,,Liquidated,,No Change,NP810002071,5301,,47,6D0
,,,Liquidated,,No Change,NP810002055,5301,,47,6D0
,,,Liquidated,,No Change,NP810002089,5301,,47,6D0
,,,Liquidated,,No Change,ATJ00036147,5301,,47,6D0
,,,Liquidated,,Change Increase,W6930065710,5301,,47,6D0
,,,Liquidated,,No Change,BER90175827,5301,,47,6D0
,,,Liquidated,,Change Increase,D9712969697,5301,,47,6D0
,,,Extended,Customs Extension,,96802006401,5301,,47,6D0
,,,Extended,Customs Extension,,96802005650,5301,,47,6D0
,,,Extended,Customs Extension,,N9X00000017,5301,,47,6D0
,,,Extended,Customs Extension,,8RM00000801,5301,,47,6D0
,,,Extended,Customs Extension,,CHQ09150691,5301,,47,6D0
,,,Extended,Customs Extension,,96802005767,5301,,47,6D0
,,,Extended,Customs Extension,,96802005759,5301,,47,6D0
,,,Extended,Customs Extension,,96802005742,5301,,47,6D0
,,,Extended,Customs Extension,,96802005734,5301,,47,6D0
,,,Extended,Customs Extension,,96802005718,5301,,47,6D0
,,,Extended,Customs Extension,,96802005700,5301,,47,6D0
,,,Extended,Customs Extension,,96802005692,5301,,47,6D0
,,,Extended,Customs Extension,,96802005684,5301,,47,6D0
,,,Extended,Customs Extension,,96802005676,5301,,47,6D0
,,,Extended,Customs Extension,,N9X00000108,5301,,47,6D0
,,,Extended,Customs Extension,,N9X00000090,5301,,47,6D0
,,,Extended,Customs Extension,,N9X00000082,5301,,47,6D0
,,,Extended,Customs Extension,,N9X00000074,5301,,47,6D0
,,,Extended,Customs Extension,,N9X00000066,5301,,47,6D0
,,,Extended,Customs Extension,,N9X00000058,5301,,47,6D0
,,,Extended,Customs Extension,,N9X00000041,5301,,47,6D0
,,,Extended,Customs Extension,,N9X00000033,5301,,47,6D0
,,,Extended,Customs Extension,,N9X00000025,5301,,47,6D0
,,,Liquidated,,No Change,DL700009277,5301,,47,6D0
,,,Liquidated,,No Change,ATJ00036121,5301,,47,6D0
,,,Liquidated,,No Change,D9716715955,5301,,47,6D0
,,,Liquidated,,No Change,D9716711723,5301,,47,6D0
,,,Liquidated,,No Change,D9716694721,5301,,47,6D0
,,,Liquidated,,No Change,D9716685208,5301,,47,6D0
,,,Liquidated,,No Change,D9716684086,5301,,47,6D0
,,,Liquidated,,No Change,D9716672123,5301,,47,6D0
,,,Liquidated,,No Change,D9716671182,5301,,47,6D0
,,,Liquidated,,No Change,D9716671059,5301,,47,6D0
,,,Liquidated,,No Change,D9716651531,5301,,47,6D0
,,,Liquidated,,No Change,D9716649980,5301,,47,6D0
,,,Liquidated,,No Change,D9716638561,5301,,47,6D0
,,,Liquidated,,No Change,AA603412013,5301,,47,6D0
,,,Liquidated,,No Change,AA603409068,5301,,47,6D0
,,,Liquidated,,No Change,AA603199669,5301,,47,6D0
,,,Liquidated,,No Change,AA603199040,5301,,47,6D0
,,,Re-liquidated,,No Change,79989656960,5301,,47,6D0
,,,Liquidated,,Change Increase,9S300000459,5301,,47,6D0
,,,Liquidated,,No Change,AA603410371,5301,,47,6D0
,,,Extended,Customs Extension,,BER90161751,5301,,47,6D0
,,,Extended,Customs Extension,,BER90161710,5301,,47,6D0
,,,Extended,Customs Extension,,BER90204551,5301,,47,6D0
,,,Extended,Customs Extension,,BER90161439,5301,,47,6D0
,,,Extended,Customs Extension,,BER90146950,5301,,47,6D0
,,,Extended,Customs Extension,,BER90146943,5301,,47,6D0
,,,Extended,Customs Extension,,BER90146927,5301,,47,6D0
,,,Extended,Customs Extension,,BER90146919,5301,,47,6D0
,,,Extended,Customs Extension,,BER90161462,5301,,47,6D0
,,,Extended,Customs Extension,,BER90161454,5301,,47,6D0
,,,Extended,Customs Extension,,BER90161363,5301,,47,6D0
,,,Extended,Customs Extension,,BER90161355,5301,,47,6D0
,,,Extended,Customs Extension,,NP810001891,5301,,47,6D0
,,,Extended,Customs Extension,,AA603410009,5301,,47,6D0
,,,Extended,Customs Extension,,BER90161231,5301,,47,6D0
,,,Extended,Customs Extension,,JF901321287,5301,,47,6D0
,,,Extended,Customs Extension,,AA603408144,5301,,47,6D0
,,,Extended,Customs Extension,,BER90175413,5301,,47,6D0
,,,Extended,Customs Extension,,AA603410132,5301,,47,6D0
,,,Extended,Customs Extension,,ATJ00036253,5301,,47,6D0
,,,Extended,Customs Extension,,ATJ00036246,5301,,47,6D0
,,,Extended,Customs Extension,,ATJ00036238,5301,,47,6D0
,,,Extended,Customs Extension,,ATJ00036154,5301,,47,6D0
,,,Extended,Customs Extension,,ATJ00036204,5301,,47,6D0
,,,Extended,Customs Extension,,BER90175876,5301,,47,6D0
,,,Extended,Customs Extension,,WBA10137627,5301,,47,6D0
,,,Extended,Customs Extension,,WBA10136942,5301,,47,6D0
,,,Extended,Customs Extension,,79126409163,5301,,47,6D0
,,,Extended,Customs Extension,,BER90175769,5301,,47,6D0
,,,Extended,Customs Extension,,BER90175660,5301,,47,6D0
,,,Extended,Customs Extension,,SQ310072278,5301,,47,6D0
,,,Liquidated,,No Change,D9716619058,5301,,47,6D0
,,,Liquidated,,No Change,D9716608119,5301,,47,6D0
,,,Liquidated,,No Change,D9716606535,5301,,47,6D0
,,,Liquidated,,No Change,D9715673874,5301,,47,6D0
,,,Liquidated,,No Change,D9715674070,5301,,47,6D0
,,,Liquidated,,No Change,D9715944655,5301,,47,6D0
,,,Liquidated,,No Change,D9715985534,5301,,47,6D0
,,,Liquidated,,No Change,D9716409369,5301,,47,6D0
,,,Liquidated,,Change Increase,D9716434532,5301,,47,6D0
,,,Liquidated,,No Change,D9716570319,5301,,47,6D0
,,,Liquidated,,Change Increase,D9716572612,5301,,47,6D0
,,,Liquidated,,Change Increase,D9716589053,5301,,47,6D0
,,,Liquidated,,No Change,D9716589087,5301,,47,6D0
,,,Liquidated,,No Change,AA603410215,5301,,47,6D0
,,,Liquidated,,No Change,BER90175132,5301,,47,6D0
,,,Liquidated,,No Change,SQ310074522,5301,,47,6D0
,,,Liquidated,,No Change,D9716637449,5301,,47,6D0
,,,Liquidated,,No Change,D9716623100,5301,,47,6D0
,,,Liquidated,,Change Increase,79989656960,5301,,47,6D0
,,,Liquidated,,Change Increase,BER90151653,5301,,47,6D0
,,,Liquidated,,No Change,AA603407922,5301,,47,6D0
,,,Liquidated,,Change Increase,BER90175595,5301,,47,6D0
,,,Liquidated,,Change Increase,9S300000442,5301,,47,6D0
,,,Liquidated,,No Change,BER90175405,5301,,47,6D0
,,,Liquidated,,Change Increase,D9712957494,5301,,47,6D0
,,,Liquidated,,Change Increase,D9712957999,5301,,47,6D0
,,,Extended,Customs Extension,,BER90161165,5301,,47,6D0
,,,Extended,Customs Extension,,BER90161157,5301,,47,6D0
,,,Extended,Customs Extension,,AHQ00020382,5301,,47,6D0
,,,Extended,Customs Extension,,WBA10138237,5301,,47,6D0
,,,Extended,Customs Extension,,AA603410157,5301,,47,6D0
,,,Extended,Customs Extension,,JF901297263,5301,,47,6D0
,,,Extended,Customs Extension,,JF901320503,5301,,47,6D0
,,,Extended,Customs Extension,,79127384936,5301,,47,6D0
,,,Extended,Customs Extension,,CHQ09049984,5301,,47,6D0
,,,Extended,Customs Extension,,WBA10136926,5301,,47,6D0
,,,Extended,Customs Extension,,JF901299764,5301,,47,6D0
,,,Extended,Customs Extension,,JF901299665,5301,,47,6D0
,,,Liquidated,,No Change,JF901319976,5301,,47,6D0
,,,Liquidated,,No Change,JF901319968,5301,,47,6D0
,,,Liquidated,,No Change,BER90181700,5301,,47,6D0
,,,Liquidated,,No Change,JF901320149,5301,,47,6D0
,,,Liquidated,,No Change,JF901319992,5301,,47,6D0
,,,Liquidated,,No Change,JF901319984,5301,,47,6D0
,,,Liquidated,,No Change,ARV60231847,5301,,47,6D0
,,,Liquidated,,No Change,D9715201767,5301,,47,6D0
,,,Liquidated,,No Change,D9714494447,5301,,47,6D0
,,,Liquidated,,No Change,D9714610687,5301,,47,6D0
,,,Liquidated,,No Change,D9715162415,5301,,47,6D0
,,,Liquidated,,No Change,SQ310091872,5301,,47,6D0
,,,Liquidated,,No Change,SQ310091864,5301,,47,6D0
,,,Liquidated,,No Change,SQ310092243,5301,,47,6D0
,,,Liquidated,,No Change,SQ310091948,5301,,47,6D0
,,,Liquidated,,No Change,SQ310091914,5301,,47,6D0
,,,Liquidated,,Change Increase,D9712942157,5301,,47,6D0
,,,Liquidated,,No Change,D9714121768,5301,,47,6D0
,,,Liquidated,,No Change,D9714273478,5301,,47,6D0
,,,Liquidated,,No Change,BER90173418,5301,,47,6D0
,,,Liquidated,,No Change,D9714269062,5301,,47,6D0
,,,Liquidated,,No Change,D9713616867,5301,,47,6D0
,,,Liquidated,,No Change,D9713606942,5301,,47,6D0
,,,Liquidated,,No Change,D9713385034,5301,,47,6D0
,,,Liquidated,,No Change,SQ310094975,5301,,47,6D0
,,,Liquidated,,No Change,D9713973391,5301,,47,6D0
,,,Liquidated,,No Change,D9713952726,5301,,47,6D0
,,,Liquidated,,No Change,SQ310093894,5301,,47,6D0
,,,Liquidated,,No Change,D9714059992,5301,,47,6D0
,,,Liquidated,,No Change,SQ310093639,5301,,47,6D0
,,,Liquidated,,No Change,SQ310095055,5301,,47,6D0
,,,Liquidated,,No Change,SQ310093332,5301,,47,6D0
,,,Liquidated,,No Change,SQ310094611,5301,,47,6D0
,,,Liquidated,,No Change,SQ310093266,5301,,47,6D0
,,,Liquidated,,No Change,SQ310094470,5301,,47,6D0
,,,Liquidated,,No Change,SQ310092854,5301,,47,6D0
,,,Liquidated,,No Change,SQ310093654,5301,,47,6D0
,,,Liquidated,,No Change,SQ310092821,5301,,47,6D0
,,,Liquidated,,No Change,SQ310092813,5301,,47,6D0
,,,Liquidated,,No Change,SQ310092698,5301,,47,6D0
,,,Liquidated,,No Change,SQ310091344,5301,,47,6D0
,,,Liquidated,,No Change,SQ310091070,5301,,47,6D0
,,,Liquidated,,No Change,SQ310090775,5301,,47,6D0
,,,Liquidated,,No Change,DW720063018,5301,,47,6D0
,,,Liquidated,,No Change,AA603410454,5301,,47,6D0
,,,Liquidated,,No Change,BER90175702,5301,,47,6D0
,,,Liquidated,,No Change,SQ310090387,5301,,47,6D0
,,,Liquidated,,No Change,AA603412633,5301,,47,6D0
,,,Liquidated,,No Change,AA603408037,5301,,47,6D0
,,,Liquidated,,No Change,SQ310091690,5301,,47,6D0
,,,Liquidated,,No Change,AA603408441,5301,,47,6D0
,,,Liquidated,,No Change,D9713252341,5301,,47,6D0
,,,Liquidated,,Change Increase,SQ310075404,5301,,47,6D0
,,,Liquidated,,No Change,D9713275813,5301,,47,6D0
,,,Liquidated,,No Change,D9713275474,5301,,47,6D0
,,,Liquidated,,Change Increase,SQ310102992,5301,,47,6D0
,,,Liquidated,,Change Increase,SQ310101945,5301,,47,6D0
,,,Liquidated,,No Change,M0503511384,5301,,47,6D0
,,,Liquidated,,No Change,D9713254842,5301,,47,6D0
,,,Extended,Customs Extension,,AA603405090,5301,,47,6D0
,,,Extended,Customs Extension,,WBA10138054,5301,,47,6D0
,,,Extended,Customs Extension,,BER90204478,5301,,47,6D0
,,,Extended,Customs Extension,,BER90204429,5301,,47,6D0
,,,Extended,Customs Extension,,WBA10136918,5301,,47,6D0
,,,Extended,Customs Extension,,SQ310094462,5301,,47,6D0
,,,Extended,Customs Extension,,SQ310093662,5301,,47,6D0
,,,Extended,Customs Extension,,SQ310092375,5301,,47,6D0
,,,Extended,Customs Extension,,SQ310092268,5301,,47,6D0
,,,Extended,Customs Extension,,SQ310091906,5301,,47,6D0
,,,Extended,Customs Extension,,SQ310091849,5301,,47,6D0
,,,Extended,Customs Extension,,SQ310092367,5301,,47,6D0
,,,Extended,Customs Extension,,SQ310087276,5301,,47,6D0
,,,Extended,Customs Extension,,JF901319950,5301,,47,6D0
,,,Extended,Customs Extension,,JF901319943,5301,,47,6D0
,,,Extended,Customs Extension,,JF901319927,5301,,47,6D0
,,,Extended,Customs Extension,,JF901319901,5301,,47,6D0
,,,Extended,Customs Extension,,JF901319877,5301,,47,6D0
,,,Extended,Customs Extension,,BER90175702,5301,,47,6D0
,,,Extended,Customs Extension,,SQ310072294,5301,,47,6D0
,,,Liquidated,,No Change,D9713317128,5301,,47,6D0
,,,Liquidated,,No Change,AA603411023,5301,,47,6D0
,,,Liquidated,,No Change,D9713334156,5301,,47,6D0
,,,Liquidated,,No Change,D9713334263,5301,,47,6D0
,,,Liquidated,,No Change,D9713342852,5301,,47,6D0
,,,Liquidated,,No Change,8K400046940,5301,,47,6D0
,,,Liquidated,,No Change,D9713288667,5301,,47,6D0
,,,Liquidated,,No Change,D9713289293,5301,,47,6D0
,,,Liquidated,,No Change,D9713303508,5301,,47,6D0
,,,Liquidated,,No Change,D9713304555,5301,,47,6D0
,,,Liquidated,,No Change,D9713316716,5301,,47,6D0
,,,Liquidated,,Change Increase,D9712936985,5301,,47,6D0
,,,Liquidated,,No Change,BER90159086,5301,,47,6D0
,,,Liquidated,,Change Increase,D9712928339,5301,,47,6D0
,,,Liquidated,,Change Increase,D9712927984,5301,,47,6D0
,,,Liquidated,,No Change,AA603407971,5301,,47,6D0
,,,Liquidated,,No Change,AA603406015,5301,,47,6D0
,,,Liquidated,,No Change,AA603407260,5301,,47,6D0
,,,Liquidated,,No Change,ATJ00041063,5301,,47,6D0
,,,Liquidated,,Change Increase,BER90149020,5301,,47,6D0
,,,Liquidated,,Change Increase,JF901319851,5301,,47,6D0
,,,Extended,Customs Extension,,EE699010520,5301,,47,6D0
,,,Extended,Customs Extension,,EE699010496,5301,,47,6D0
,,,Extended,Customs Extension,,BER90174978,5301,,47,6D0
,,,Extended,Customs Extension,,96802006054,5301,,47,6D0
,,,Extended,Customs Extension,,WBA10137643,5301,,47,6D0
,,,Extended,Customs Extension,,WBA10137593,5301,,47,6D0
,,,Extended,Customs Extension,,SQ310072138,5301,,47,6D0
,,,Extended,Customs Extension,,AA603404788,5301,,47,6D0
,,,Extended,Customs Extension,,BMK08313874,5301,,47,6D0
,,,Extended,Customs Extension,,BER90174986,5301,,47,6D0
,,,Extended,Customs Extension,,BER90174937,5301,,47,6D0
,,,Extended,Customs Extension,,BER90219112,5301,,47,6D0
,,,Extended,Customs Extension,,BER90217819,5301,,47,6D0
,,,Extended,Customs Extension,,BER90213453,5301,,47,6D0
,,,Extended,Customs Extension,,SQ310075743,5301,,47,6D0
,,,Extended,Customs Extension,,SQ310072773,5301,,47,6D0
,,,Extended,Customs Extension,,SQ310072740,5301,,47,6D0
,,,Liquidated,,No Change,BER90149285,5301,,47,6D0
,,,Liquidated,,Change Increase,SQ310100731,5301,,47,6D0
,,,Liquidated,,Change Increase,D9712917456,5301,,47,6D0
,,,Liquidated,,Change Increase,D9712917415,5301,,47,6D0
,,,Liquidated,,Change Increase,8RM00000785,5301,,47,6D0
,,,Liquidated,,Change Increase,JF901299046,5301,,47,6D0
,,,Liquidated,,No Change,W6930065652,5301,,47,6D0
,,,Liquidated,,No Change,BER90174754,5301,,47,6D0
,,,Liquidated,,No Change,W6930065645,5301,,47,6D0
,,,Liquidated,,No Change,BER90149244,5301,,47,6D0
,,,Liquidated,,No Change,BER90151075,5301,,47,6D0
,,,Liquidated,,No Change,BER90151083,5301,,47,6D0
,,,Liquidated,,Change Increase,SQ310101572,5301,,47,6D0
,,,Liquidated,,Change Increase,SQ310075164,5301,,47,6D0
,,,Re-liquidated,,No Change,AA603407914,5301,,47,6D0
,,,Liquidated,,No Change,BER90179126,5301,,47,6D0
,,,Extended,Customs Extension,,JF901319356,5301,,47,6D0
,,,Extended,Customs Extension,,JF901319042,5301,,47,6D0
,,,Extended,Customs Extension,,CWL55510979,5301,,47,6D0
,,,Extended,Customs Extension,,AHQ20190116,5301,,47,6D0
,,,Extended,Customs Extension,,AHQ20190108,5301,,47,6D0
,,,Extended,Customs Extension,,AHQ20190090,5301,,47,6D0
,,,Extended,Customs Extension,,94324094211,5301,,47,6D0
,,,Extended,Customs Extension,,94324092488,5301,,47,6D0
,,,Extended,Customs Extension,,94324092470,5301,,47,6D0
,,,Extended,Customs Extension,,94324092454,5301,,47,6D0
,,,Extended,Customs Extension,,JF901319042,5301,,47,6D0
,,,Extended,Customs Extension,,BER90160696,5301,,47,6D0
,,,Extended,Customs Extension,,WBA10136868,5301,,47,6D0
,,,Extended,Customs Extension,,E4G00481101,5301,,47,6D0
,,,Extended,Customs Extension,,WBA10137569,5301,,47,6D0
,,,Liquidated,,Change Increase,AA603404861,5301,,47,6D0
,,,Liquidated,,Change Increase,SQ310075370,5301,,47,6D0
,,,Liquidated,,Change Increase,SQ310075545,5301,,47,6D0
,,,Liquidated,,Change Increase,SQ310075495,5301,,47,6D0
,,,Liquidated,,Change Increase,SQ310075156,5301,,47,6D0
,,,Liquidated,,Change Increase,SQ310075016,5301,,47,6D0
,,,Liquidated,,No Change,BER90214998,5301,,47,6D0
,,,Liquidated,,No Change,BER90215003,5301,,47,6D0
,,,Liquidated,,Change Increase,D9712909883,5301,,47,6D0
,,,Liquidated,,Change Increase,D9712904900,5301,,47,6D0
,,,Liquidated,,No Change,W6930066585,5301,,47,6D0
,,,Liquidated,,No Change,71602004336,5301,,47,6D0
,,,Liquidated,,Change Increase,D9712904942,5301,,47,6D0
,,,Liquidated,,Change Increase,D9712902862,5301,,47,6D0
,,,Liquidated,,Change Increase,JF901298501,5301,,47,6D0
,,,Liquidated,,Change Increase,SQ310075537,5301,,47,6D0
,,,Liquidated,,Change Increase,SQ310100756,5301,,47,6D0
,,,Liquidated,,Change Increase,SQ310075552,5301,,47,6D0
,,,Liquidated,,Change Increase,SQ310075511,5301,,47,6D0
,,,Liquidated,,No Change,71602000300,5301,,47,6D0
,,,Liquidated,,No Change,BER90184159,5301,,47,6D0
,,,Liquidated,,No Change,WBA10138047,5301,,47,6D0
,,,Liquidated,,No Change,BER90167329,5301,,47,6D0
,,,Liquidated,,No Change,BER90165398,5301,,47,6D0
,,,Liquidated,,No Change,W6930066601,5301,,47,6D0
,,,Liquidated,,No Change,AA603406528,5301,,47,6D0
,,,Liquidated,,Change Increase,JF901304846,5301,,47,6D0
,,,Liquidated,,Change Decrease,AA603408094,5301,,47,6D0
,,,Liquidated,,Change Decrease,AA603402071,5301,,47,6D0
,,,Liquidated,,No Change,AA603407914,5301,,47,6D0
,,,Liquidated,,No Change,D9712133377,5301,,47,6D0
,,,Extended,Customs Extension,,AHQ20190082,5301,,47,6D0
,,,Extended,Customs Extension,,WBA10137551,5301,,47,6D0
,,,Extended,Customs Extension,,E5S34567893,5301,,47,6D0
,,,Extended,Customs Extension,,AA603404655,5301,,47,6D0
,,,Extended,Customs Extension,,ATJ00036006,5301,,47,6D0
,,,Extended,Customs Extension,,ATJ00035990,5301,,47,6D0
,,,Extended,Customs Extension,,ATJ00035982,5301,,47,6D0
,,,Extended,Customs Extension,,ATJ00035974,5301,,47,6D0
,,,Extended,Customs Extension,,BER90160589,5301,,47,6D0
,,,Extended,Customs Extension,,8RM00000744,5301,,47,6D0
,,,Extended,Customs Extension,,BER90149020,5301,,47,6D0
,,,Extended,Customs Extension,,WIB13395648,5301,,47,6D0
,,,Extended,Customs Extension,,94324094070,5301,,47,6D0
,,,Extended,Customs Extension,,94324092629,5301,,47,6D0
,,,Extended,Customs Extension,,94324091894,5301,,47,6D0
,,,Extended,Customs Extension,,94324092488,5301,,47,6D0
,,,Extended,Customs Extension,,94324092462,5301,,47,6D0
,,,Extended,Customs Extension,,94324092496,5301,,47,6D0
,,,Extended,Customs Extension,,WBA10137536,5301,,47,6D0
,,,Extended,Customs Extension,,37112502234,5301,,47,6D0
,,,Liquidated,,No Change,SQ310093621,5301,,47,6D0
,,,Liquidated,,No Change,AA603409597,5301,,47,6D0
,,,Liquidated,,No Change,BER90174473,5301,,47,6D0
,,,Liquidated,,Change Increase,D9712893780,5301,,47,6D0
,,,Liquidated,,No Change,AA603408599,5301,,47,6D0
,,,Liquidated,,No Change,AA603408110,5301,,47,6D0
,,,Liquidated,,No Change,AA603408102,5301,,47,6D0
,,,Liquidated,,Change Increase,D9712888855,5301,,47,6D0
,,,Liquidated,,No Change,AA603404200,5301,,47,6D0
,,,Liquidated,,Change Increase,BER90160084,5301,,47,6D0
,,,Liquidated,,Change Increase,BER90160415,5301,,47,6D0
,,,Liquidated,,Change Increase,BER90210178,5301,,47,6D0
,,,Liquidated,,Change Increase,JF901297982,5301,,47,6D0
,,,Liquidated,,No Change,BGX00021788,5301,,47,6D0
,,,Liquidated,,No Change,71602004260,5301,,47,6D0
,,,Liquidated,,No Change,71602004252,5301,,47,6D0
,,,Liquidated,,No Change,79983622141,5301,,47,6D0
,,,Liquidated,,No Change,71602004245,5301,,47,6D0
,,,Liquidated,,No Change,AA603405017,5301,,47,6D0
,,,Liquidated,,No Change,AA603403665,5301,,47,6D0
,,,Liquidated,,No Change,71602004237,5301,,47,6D0
,,,Liquidated,,No Change,71602004229,5301,,47,6D0
,,,Liquidated,,No Change,71602004211,5301,,47,6D0
,,,Liquidated,,Change Increase,BER90160068,5301,,47,6D0
,,,Liquidated,,No Change,AA603408672,5301,,47,6D0
,,,Liquidated,,No Change,AA603408581,5301,,47,6D0
,,,Liquidated,,No Change,AA603408706,5301,,47,6D0
,,,Liquidated,,No Change,AA603408698,5301,,47,6D0
,,,Liquidated,,No Change,AA603408680,5301,,47,6D0
,,,Liquidated,,No Change,AA603401925,5301,,47,6D0
,,,Liquidated,,No Change,AA603404648,5301,,47,6D0
,,,Liquidated,,No Change,AA603408573,5301,,47,6D0
,,,Liquidated,,No Change,AA603408532,5301,,47,6D0
,,,Liquidated,,No Change,AA603408540,5301,,47,6D0
,,,Liquidated,,No Change,AA603408565,5301,,47,6D0
,,,Liquidated,,No Change,AA603408557,5301,,47,6D0
,,,Liquidated,,Change Increase,AA603404218,5301,,47,6D0
,,,Liquidated,,Change Increase,BER90173855,5301,,47,6D0
,,,Liquidated,,Change Increase,JF901298477,5301,,47,6D0
,,,Liquidated,,Change Increase,BER90159706,5301,,47,6D0
,,,Extended,Customs Extension,,94324092447,5301,,47,6D0
,,,Extended,Customs Extension,,BER90160530,5301,,47,6D0
,,,Extended,Customs Extension,,BER90150499,5301,,47,6D0
,,,Extended,Customs Extension,,BER90150143,5301,,47,6D0
,,,Extended,Customs Extension,,BER90150135,5301,,47,6D0
,,,Extended,Customs Extension,,BER90149988,5301,,47,6D0
,,,Extended,Customs Extension,,BER90149616,5301,,47,6D0
,,,Extended,Customs Extension,,AA603404663,5301,,47,6D0
,,,Extended,Customs Extension,,BER90204072,5301,,47,6D0
,,,Extended,Customs Extension,,BER90203975,5301,,47,6D0
,,,Liquidated,,Change Increase,D9712873998,5301,,47,6D0
,,,Liquidated,,No Change,BER90203686,5301,,47,6D0
,,,Liquidated,Drawback Denied,Change Decrease,8TX00000165,5301,,47,6D0
,,,Liquidated,,Change Increase,SQ310073201,5301,,47,6D0
,,,Liquidated,,Change Increase,SQ310073169,5301,,47,6D0
,,,Liquidated,,Change Increase,SQ310073227,5301,,47,6D0
,,,Liquidated,,No Change,BER90214980,5301,,47,6D0
,,,Liquidated,,No Change,BER90212554,5301,,47,6D0
,,,Liquidated,,No Change,8RM00000678,5301,,47,6D0
,,,Liquidated,,No Change,8RM00000876,5301,,47,6D0
,,,Liquidated,,No Change,AA603402022,5301,,47,6D0
,,,Liquidated,,Change Increase,EVY00394821,5301,,47,6D0
,,,Liquidated,,Change Increase,EVY00427126,5301,,47,6D0
,,,Liquidated,,Change Increase,EVY00418497,5301,,47,6D0
,,,Liquidated,,No Change,W6930066544,5301,,47,6D0
,,,Liquidated,,No Change,96802004976,5301,,47,6D0
,,,Liquidated,,No Change,EVY00428298,5301,,47,6D0
,,,Liquidated,,Change Increase,EVY00423596,5301,,47,6D0
,,,Liquidated,,No Change,PJ205500516,5301,,47,6D0
,,,Liquidated,,No Change,BER90163906,5301,,47,6D0
,,,Liquidated,,No Change,8RM00000702,5301,,47,6D0
,,,Liquidated,,No Change,WBA10137940,5301,,47,6D0
,,,Liquidated,,No Change,W6930065579,5301,,47,6D0
,,,Liquidated,,No Change,W6930065371,5301,,47,6D0
,,,Liquidated,,No Change,8SD19000169,5301,,47,6D0
,,,Liquidated,,No Change,D9712871828,5301,,47,6D0
,,,Extended,Customs Extension,,ATJ00035883,5301,,47,6D0
,,,Extended,Customs Extension,,ATJ00035891,5301,,47,6D0
,,,Extended,Customs Extension,,ATJ00035909,5301,,47,6D0
,,,Extended,Customs Extension,,ATJ00035917,5301,,47,6D0
,,,Extended,Customs Extension,,AA603401925,5301,,47,6D0
,,,Extended,Customs Extension,,AA603404648,5301,,47,6D0
,,,Extended,Customs Extension,,SQ310086666,5301,,47,6D0
,,,Extended,Customs Extension,,BER90160241,5301,,47,6D0
,,,Extended,Customs Extension,,AA603404606,5301,,47,6D0
,,,Extended,Customs Extension,,SQ310074324,5301,,47,6D0
,,,Extended,Customs Extension,,SQ310075008,5301,,47,6D0
,,,Extended,Customs Extension,,SQ310074308,5301,,47,6D0
,,,Extended,Customs Extension,,SQ310074282,5301,,47,6D0
,,,Extended,Customs Extension,,SQ310073797,5301,,47,6D0
,,,Extended,Customs Extension,,SQ310073235,5301,,47,6D0
,,,Extended,Customs Extension,,SQ310095188,5301,,47,6D0
,,,Liquidated,,Change Increase,AA603407765,5301,,47,6D0
,,,Liquidated,,Change Increase,AA603404374,5301,,47,6D0
,,,Liquidated,,No Change,W6930065538,5301,,47,6D0
,,,Liquidated,,Change Increase,D9712847901,5301,,47,6D0
,,,Liquidated,,No Change,WBA10137494,5301,,47,6D0
,,,Liquidated,,Change Increase,D9712859724,5301,,47,6D0
,,,Liquidated,,No Change,W6930065389,5301,,47,6D0
,,,Liquidated,,No Change,ARV60178733,5301,,47,6D0
,,,Liquidated,,Change Increase,D9712859815,5301,,47,6D0
,,,Liquidated,,No Change,ARV60218745,5301,,47,6D0
,,,Liquidated,,No Change,ARV60218604,5301,,47,6D0
,,,Liquidated,,No Change,ARV60218737,5301,,47,6D0
,,,Liquidated,,No Change,ARV60161218,5301,,47,6D0
,,,Liquidated,,No Change,BER90173285,5301,,47,6D0
,,,Liquidated,,Change Decrease,96802004794,5301,,47,6D0
,,,Liquidated,,No Change,8RM00000256,5301,,47,6D0
,,,Extended,Customs Extension,,D9712871828,5301,,47,6D0
,,,Extended,Customs Extension,,8TX00000165,5301,,47,6D0
,,,Extended,Customs Extension,,DL700003387,5301,,47,6D0
,,,Extended,Customs Extension,,SQ310094991,5301,,47,6D0
,,,Extended,Customs Extension,,ATJ00035800,5301,,47,6D0
,,,Extended,Customs Extension,,AA603275196,5301,,47,6D0
,,,Extended,Customs Extension,,BER90172386,5301,,47,6D0
,,,Extended,Customs Extension,,96802004794,5301,,47,6D0
,,,Extended,Customs Extension,,ATJ00035859,5301,,47,6D0
,,,Extended,Customs Extension,,ATJ00035842,5301,,47,6D0
,,,Extended,Customs Extension,,ATJ00035834,5301,,47,6D0
,,,Extended,Customs Extension,,ATJ00035826,5301,,47,6D0
,,,Extended,Customs Extension,,ATJ00035818,5301,,47,6D0
,,,Extended,Customs Extension,,DY219200408,5301,,47,6D0
,,,Extended,Customs Extension,,BER90173640,5301,,47,6D0
,,,Extended,Customs Extension,,W6930065538,5301,,47,6D0
,,,Extended,Customs Extension,,W6930065389,5301,,47,6D0
,,,Extended,Customs Extension,,WBA10137494,5301,,47,6D0
,,,Extended,Customs Extension,,ATJ00035792,5301,,47,6D0
,,,Extended,Customs Extension,,JF901317186,5301,,47,6D0
,,,Liquidated,,No Change,DW720072993,5301,,47,6D0
,,,Liquidated,,No Change,71602003643,5301,,47,6D0
,,,Liquidated,,No Change,SQ310090395,5301,,47,6D0
,,,Liquidated,,No Change,SQ310095006,5301,,47,6D0
,,,Liquidated,,No Change,8RM00000611,5301,,47,6D0
,,,Liquidated,,No Change,WBA10137825,5301,,47,6D0
,,,Liquidated,,No Change,8RM00000587,5301,,47,6D0
,,,Liquidated,,Change Decrease,WBA10137544,5301,,47,6D0
,,,Liquidated,,No Change,WBA10137999,5301,,47,6D0
,,,Liquidated,,No Change,8RM00000371,5301,,47,6D0
,,,Liquidated,,No Change,WBA10137965,5301,,47,6D0
,,,Liquidated,,No Change,8RM00000355,5301,,47,6D0
,,,Liquidated,,Change Increase,D9712844791,5301,,47,6D0
,,,Liquidated,,No Change,WBA10137932,5301,,47,6D0
,,,Liquidated,,No Change,AA603408649,5301,,47,6D0
,,,Liquidated,,No Change,WBA10137916,5301,,47,6D0
,,,Liquidated,,No Change,8RM00000280,5301,,47,6D0
,,,Liquidated,,No Change,AA603407674,5301,,47,6D0
,,,Liquidated,,Change Increase,D9712846077,5301,,47,6D0
,,,Liquidated,,No Change,AA603407294,5301,,47,6D0
,,,Liquidated,,No Change,AA603406965,5301,,47,6D0
,,,Liquidated,,No Change,AA603406544,5301,,47,6D0
,,,Liquidated,,No Change,DW720042954,5301,,47,6D0
,,,Liquidated,,No Change,DW720022923,5301,,47,6D0
,,,Liquidated,,No Change,DW720022618,5301,,47,6D0
,,,Liquidated,,Change Increase,D9712846184,5301,,47,6D0
,,,Liquidated,,Change Increase,WBA10137353,5301,,47,6D0
,,,Liquidated,,No Change,DW719111505,5301,,47,6D0
,,,Liquidated,,No Change,AA603406577,5301,,47,6D0
,,,Liquidated,,No Change,AA603406106,5301,,47,6D0
,,,Re-liquidated,,No Change,8RM00000686,5301,,47,6D0
,,,Liquidated,,No Change,WBA10138005,5301,,47,6D0
,,,Liquidated,,No Change,8RM00000645,5301,,47,6D0
,,,Liquidated,,No Change,BER90159649,5301,,47,6D0
,,,Liquidated,,No Change,BER90165141,5301,,47,6D0
,,,Liquidated,,No Change,AA603198653,5301,,47,6D0
,,,Liquidated,,No Change,AA603409472,5301,,47,6D0
,,,Liquidated,,No Change,BER90185008,5301,,47,6D0
,,,Liquidated,,No Change,BER90179118,5301,,47,6D0
,,,Liquidated,,No Change,BER90185263,5301,,47,6D0
,,,Liquidated,,No Change,WBA10137486,5301,,47,6D0
,,,Extended,Customs Extension,,BER90159912,5301,,47,6D0
,,,Extended,Customs Extension,,JF901317178,5301,,47,6D0
,,,Extended,Customs Extension,,JF901317152,5301,,47,6D0
,,,Extended,Customs Extension,,BER90204338,5301,,47,6D0
,,,Extended,Customs Extension,,BER90159847,5301,,47,6D0
,,,Extended,Customs Extension,,JF901317129,5301,,47,6D0
,,,Extended,Customs Extension,,8RM00000702,5301,,47,6D0
,,,Extended,Customs Extension,,8RM00000728,5301,,47,6D0
,,,Extended,Customs Extension,,D9712847901,5301,,47,6D0
,,,Extended,Customs Extension,,AA603404374,5301,,47,6D0
,,,Extended,Customs Extension,,94324092421,5301,,47,6D0
,,,Extended,Customs Extension,,EI519290123,5301,,47,6D0
,,,Liquidated,,No Change,BER90175587,5301,,47,6D0
,,,Liquidated,,No Change,BER90170950,5301,,47,6D0
,,,Liquidated,,No Change,BER90173749,5301,,47,6D0
,,,Liquidated,,No Change,DL700008691,5301,,47,6D0
,,,Liquidated,,No Change,AA603413888,5301,,47,6D0
,,,Liquidated,,No Change,40817259705,5301,,47,6D0
,,,Liquidated,,No Change,BER90176791,5301,,47,6D0
,,,Liquidated,,No Change,BER90175306,5301,,47,6D0
,,,Liquidated,,No Change,AA603413748,5301,,47,6D0
,,,Liquidated,,No Change,AA603413730,5301,,47,6D0
,,,Liquidated,,No Change,JF901320552,5301,,47,6D0
,,,Liquidated,,No Change,AA603413722,5301,,47,6D0
,,,Liquidated,,No Change,AA603413714,5301,,47,6D0
,,,Liquidated,,No Change,AA603413706,5301,,47,6D0
,,,Liquidated,,No Change,BER90204486,5301,,47,6D0
,,,Liquidated,,No Change,AA603410603,5301,,47,6D0
,,,Liquidated,,No Change,BER90204494,5301,,47,6D0
,,,Liquidated,,No Change,JF901320560,5301,,47,6D0
,,,Liquidated,,No Change,WBA10137460,5301,,47,6D0
,,,Liquidated,,Change Decrease,AA603265858,5301,,47,6D0
,,,Liquidated,,No Change,BER90174077,5301,,47,6D0
,,,Liquidated,,No Change,BER90176700,5301,,47,6D0
,,,Liquidated,,No Change,WBA10137452,5301,,47,6D0
,,,Liquidated,,No Change,BER90175314,5301,,47,6D0
,,,Liquidated,,No Change,23519216057,5301,,47,6D0
,,,Re-liquidated,,No Change,BER90172501,5301,,47,6D0
,,,Liquidated,,Change Increase,D9712831939,5301,,47,6D0
,,,Liquidated,,Change Increase,D9712831822,5301,,47,6D0
,,,Liquidated,,Change Increase,9S300000434,5301,,47,6D0
,,,Re-liquidated,,No Change,BER90172246,5301,,47,6D0
,,,Liquidated,,No Change,BER90168491,5301,,47,6D0
,,,Liquidated,,No Change,BER90163047,5301,,47,6D0
,,,Liquidated,,No Change,BER90176106,5301,,47,6D0
,,,Liquidated,,No Change,BER90176098,5301,,47,6D0
,,,Liquidated,,No Change,BER90168772,5301,,47,6D0
,,,Liquidated,,No Change,D9713187067,5301,,47,6D0
,,,Liquidated,,No Change,D9713241823,5301,,47,6D0
,,,Liquidated,,No Change,D9713201769,5301,,47,6D0
,,,Liquidated,,No Change,D9713185061,5301,,47,6D0
,,,Liquidated,,No Change,D9713241260,5301,,47,6D0
,,,Liquidated,,No Change,D9713219159,5301,,47,6D0
,,,Liquidated,,No Change,D9713218722,5301,,47,6D0
,,,Liquidated,,No Change,D9713204979,5301,,47,6D0
,,,Liquidated,,Change Increase,D9712841664,5301,,47,6D0
,,,Liquidated,,No Change,HE200009042,5301,,47,6D0
,,,Liquidated,,No Change,BER90184613,5301,,47,6D0
,,,Liquidated,,No Change,ATJ00036170,5301,,47,6D0
,,,Liquidated,,No Change,DL700009434,5301,,47,6D0
,,,Liquidated,,No Change,BER90176049,5301,,47,6D0
,,,Liquidated,,No Change,AA603401578,5301,,47,6D0
,,,Liquidated,,No Change,BER90185115,5301,,47,6D0
,,,Liquidated,,No Change,BER90185024,5301,,47,6D0
,,,Liquidated,,No Change,BER90184993,5301,,47,6D0
,,,Liquidated,,No Change,BMK08319111,5301,,47,6D0
,,,Liquidated,,No Change,ATJ00036139,5301,,47,6D0
,,,Liquidated,,No Change,BMK08319491,5301,,47,6D0
,,,Liquidated,,Change Decrease,DY220200355,5301,,47,6D0
,,,Liquidated,,Change Decrease,DY220200207,5301,,47,6D0
,,,Liquidated,,Change Decrease,DY220200249,5301,,47,6D0
,,,Liquidated,,Change Decrease,DY220200157,5301,,47,6D0
,,,Liquidated,,Change Decrease,DY220200066,5301,,47,6D0
,,,Liquidated,,Change Decrease,DY219200473,5301,,47,6D0
,,,Liquidated,,Change Increase,D9712839353,5301,,47,6D0
,,,Extended,Customs Extension,,8F800006628,5301,,47,6D0
,,,Extended,Customs Extension,,BER90159581,5301,,47,6D0
,,,Extended,Customs Extension,,71602005812,5301,,47,6D0
,,,Extended,Customs Extension,,96802007136,5301,,47,6D0
,,,Extended,Customs Extension,,96802005593,5301,,47,6D0
,,,Extended,Customs Extension,,79127764657,5301,,47,6D0
,,,Extended,Customs Extension,,96802005049,5301,,47,6D0
,,,Extended,Customs Extension,,JF901316642,5301,,47,6D0
,,,Extended,Customs Extension,,BER90159532,5301,,47,6D0
,,,Extended,Customs Extension,,AHQ00020366,5301,,47,6D0
,,,Liquidated,,No Change,AA603410520,5301,,47,6D0
,,,Liquidated,,No Change,BER90172188,5301,,47,6D0
,,,Liquidated,,No Change,BER90170638,5301,,47,6D0
,,,Liquidated,,No Change,NP810003798,5301,,47,6D0
,,,Liquidated,,No Change,NP810003780,5301,,47,6D0
,,,Liquidated,,No Change,AA603407740,5301,,47,6D0
,,,Liquidated,,No Change,NP810003772,5301,,47,6D0
,,,Liquidated,,No Change,NP810003764,5301,,47,6D0
,,,Liquidated,,No Change,AA603407534,5301,,47,6D0
,,,Liquidated,,No Change,BER90172113,5301,,47,6D0
,,,Liquidated,,No Change,NP810003756,5301,,47,6D0
,,,Liquidated,,No Change,AA603405843,5301,,47,6D0
,,,Liquidated,,No Change,NP810003749,5301,,47,6D0
,,,Liquidated,,No Change,BER90170612,5301,,47,6D0
,,,Liquidated,,No Change,BER90169317,5301,,47,6D0
,,,Liquidated,,No Change,BER90169093,5301,,47,6D0
,,,Liquidated,,No Change,BER90168848,5301,,47,6D0
,,,Liquidated,,No Change,AA603405355,5301,,47,6D0
,,,Liquidated,,No Change,BER90167188,5301,,47,6D0
,,,Liquidated,,No Change,BER90167089,5301,,47,6D0
,,,Liquidated,,No Change,BER90166792,5301,,47,6D0
,,,Liquidated,,No Change,BER90166651,5301,,47,6D0
,,,Liquidated,,No Change,AA603405025,5301,,47,6D0
,,,Liquidated,,No Change,BER90166602,5301,,47,6D0
,,,Liquidated,,No Change,AA603403608,5301,,47,6D0
,,,Liquidated,,No Change,AA603403202,5301,,47,6D0
,,,Liquidated,,No Change,BER90165687,5301,,47,6D0
,,,Liquidated,,No Change,BER90165489,5301,,47,6D0
,,,Liquidated,,No Change,BER90164177,5301,,47,6D0
,,,Liquidated,,Change Increase,D9712827671,5301,,47,6D0
,,,Liquidated,,No Change,NP810003434,5301,,47,6D0
,,,Liquidated,,No Change,BER90171479,5301,,47,6D0
,,,Liquidated,,No Change,BER90170596,5301,,47,6D0
,,,Liquidated,,No Change,BER90169259,5301,,47,6D0
,,,Liquidated,,No Change,BER90167295,5301,,47,6D0
,,,Liquidated,,No Change,BER90167212,5301,,47,6D0
,,,Liquidated,,No Change,BER90166677,5301,,47,6D0
,,,Liquidated,,Change Increase,8RM00000637,5301,,47,6D0
,,,Liquidated,,No Change,WBA10137478,5301,,47,6D0
,,,Liquidated,,No Change,AA603411817,5301,,47,6D0
,,,Liquidated,,No Change,BER90165729,5301,,47,6D0
,,,Liquidated,,Change Increase,9S300000426,5301,,47,6D0
,,,Liquidated,,No Change,AA603411452,5301,,47,6D0
,,,Liquidated,,No Change,AA603410942,5301,,47,6D0
,,,Liquidated,,No Change,BER90165661,5301,,47,6D0
,,,Liquidated,,No Change,NP810003723,5301,,47,6D0
,,,Liquidated,,No Change,AA603410462,5301,,47,6D0
,,,Liquidated,,No Change,NP810003715,5301,,47,6D0
,,,Liquidated,,No Change,AA603410314,5301,,47,6D0
,,,Liquidated,,Change Increase,D9712825618,5301,,47,6D0
,,,Liquidated,,No Change,AA603409720,5301,,47,6D0
,,,Liquidated,,No Change,BER90162767,5301,,47,6D0
,,,Liquidated,,No Change,AA603409035,5301,,47,6D0
,,,Liquidated,,No Change,AA603408375,5301,,47,6D0
,,,Liquidated,,No Change,NP810003657,5301,,47,6D0
,,,Liquidated,,No Change,NP810003699,5301,,47,6D0
,,,Liquidated,,No Change,NP810003681,5301,,47,6D0
,,,Liquidated,,No Change,NP810003673,5301,,47,6D0
,,,Liquidated,,No Change,NP810003731,5301,,47,6D0
,,,Liquidated,,No Change,BER90169002,5301,,47,6D0
,,,Liquidated,,Change Increase,D9712825477,5301,,47,6D0
,,,Liquidated,,No Change,NP810003707,5301,,47,6D0
,,,Liquidated,,No Change,NP810003665,5301,,47,6D0
,,,Liquidated,,No Change,BER90171354,5301,,47,6D0
,,,Liquidated,,No Change,NP810003962,5301,,47,6D0
,,,Liquidated,,No Change,NP810003822,5301,,47,6D0
,,,Liquidated,,No Change,NP810003814,5301,,47,6D0
,,,Liquidated,,No Change,AA603408243,5301,,47,6D0
,,,Liquidated,,No Change,NP810003806,5301,,47,6D0
,,,Liquidated,,No Change,BER90179571,5301,,47,6D0
,,,Liquidated,,No Change,BER90171610,5301,,47,6D0
,,,Liquidated,,No Change,BER90170547,5301,,47,6D0
,,,Liquidated,,No Change,BER90174556,5301,,47,6D0
,,,Liquidated,,No Change,BER90174549,5301,,47,6D0
,,,Liquidated,,No Change,BER90179407,5301,,47,6D0
,,,Liquidated,,No Change,BER90166974,5301,,47,6D0
,,,Liquidated,,No Change,BER90174531,5301,,47,6D0
,,,Liquidated,,No Change,BER90170521,5301,,47,6D0
,,,Liquidated,,No Change,BER90178433,5301,,47,6D0
,,,Liquidated,,No Change,BER90174523,5301,,47,6D0
,,,Liquidated,,No Change,BER90174515,5301,,47,6D0
,,,Liquidated,,No Change,BER90177492,5301,,47,6D0
,,,Liquidated,,No Change,BER90173475,5301,,47,6D0
,,,Liquidated,,No Change,BER90177054,5301,,47,6D0
,,,Liquidated,,No Change,BER90164334,5301,,47,6D0
,,,Liquidated,,No Change,BER90173467,5301,,47,6D0
,,,Liquidated,,No Change,BER90172535,5301,,47,6D0
,,,Liquidated,,No Change,BER90176726,5301,,47,6D0
,,,Liquidated,,No Change,BER90173459,5301,,47,6D0
,,,Liquidated,,No Change,BER90172527,5301,,47,6D0
,,,Liquidated,,No Change,BER90170000,5301,,47,6D0
,,,Liquidated,,No Change,BER90176478,5301,,47,6D0
,,,Liquidated,,No Change,BER90171644,5301,,47,6D0
,,,Liquidated,,No Change,BER90176122,5301,,47,6D0
,,,Liquidated,,No Change,BER90164169,5301,,47,6D0
,,,Liquidated,,No Change,BER90173442,5301,,47,6D0
,,,Liquidated,,No Change,BER90169994,5301,,47,6D0
,,,Liquidated,,No Change,BER90176080,5301,,47,6D0
,,,Liquidated,,No Change,BER90171628,5301,,47,6D0
,,,Liquidated,,No Change,BER90176064,5301,,47,6D0
,,,Liquidated,,No Change,BER90174945,5301,,47,6D0
,,,Liquidated,,No Change,BER90170554,5301,,47,6D0
,,,Liquidated,,No Change,BER90173434,5301,,47,6D0
,,,Liquidated,,No Change,BER90174499,5301,,47,6D0
,,,Liquidated,,No Change,BER90173426,5301,,47,6D0
,,,Liquidated,,No Change,60501124402,5301,,47,6D0
,,,Liquidated,,No Change,BER90172584,5301,,47,6D0
,,,Liquidated,,No Change,BER90174564,5301,,47,6D0
,,,Liquidated,,No Change,BER90174507,5301,,47,6D0
,,,Liquidated,,No Change,BER90172568,5301,,47,6D0
,,,Liquidated,,No Change,BER90169986,5301,,47,6D0
,,,Liquidated,,No Change,BER90163369,5301,,47,6D0
,,,Liquidated,,No Change,BER90172550,5301,,47,6D0
,,,Liquidated,,No Change,BER90174598,5301,,47,6D0
,,,Liquidated,,No Change,BER90172543,5301,,47,6D0
,,,Liquidated,,No Change,BER90174580,5301,,47,6D0
,,,Liquidated,,No Change,BER90169978,5301,,47,6D0
,,,Liquidated,,No Change,BER90174572,5301,,47,6D0
,,,Liquidated,,No Change,BER90169960,5301,,47,6D0
,,,Liquidated,,No Change,BER90172592,5301,,47,6D0
,,,Liquidated,,No Change,BER90164326,5301,,47,6D0
,,,Liquidated,,No Change,BER90164151,5301,,47,6D0
,,,Liquidated,,No Change,BER90163799,5301,,47,6D0
,,,Liquidated,,No Change,BER90171636,5301,,47,6D0
,,,Liquidated,,No Change,BER90170539,5301,,47,6D0
,,,Liquidated,,No Change,BER90170018,5301,,47,6D0
,,,Liquidated,,No Change,SQ310089868,5301,,47,6D0
,,,Liquidated,,No Change,SQ310089876,5301,,47,6D0
,,,Liquidated,,No Change,AA603411908,5301,,47,6D0
,,,Liquidated,,No Change,SQ310089447,5301,,47,6D0
,,,Liquidated,,Change Increase,BER90139237,5301,,47,6D0
,,,Liquidated,,No Change,SQ310089249,5301,,47,6D0
,,,Liquidated,,No Change,AA603411296,5301,,47,6D0
,,,Liquidated,,No Change,SQ310075503,5301,,47,6D0
,,,Liquidated,,Change Decrease,BER90170349,5301,,47,6D0
,,,Liquidated,,No Change,BER90162072,5301,,47,6D0
,,,Liquidated,,Change Increase,SQ310089256,5301,,47,6D0
,,,Liquidated,,No Change,BER90161116,5301,,47,6D0
,,,Liquidated,,No Change,BER90179522,5301,,47,6D0
,,,Liquidated,,No Change,AA603409886,5301,,47,6D0
,,,Extended,Customs Extension,,AA603265858,5301,,47,6D0
,,,Extended,Customs Extension,,EI501676222,5301,,47,6D0
,,,Extended,Customs Extension,,AA603407310,5301,,47,6D0
,,,Extended,Customs Extension,,AA603406130,5301,,47,6D0
,,,Extended,Customs Extension,,AA603405686,5301,,47,6D0
,,,Extended,Customs Extension,,AA603404663,5301,,47,6D0
,,,Extended,Customs Extension,,AA603406932,5301,,47,6D0
,,,Extended,Customs Extension,,AA603406890,5301,,47,6D0
,,,Extended,Customs Extension,,AA603406643,5301,,47,6D0
,,,Extended,Customs Extension,,BGX00029567,5301,,47,6D0
,,,Extended,Customs Extension,,BGX00021788,5301,,47,6D0
,,,Extended,Customs Extension,,BER90169002,5301,,47,6D0
,,,Suspended,AD/CVD Suspend,,BER90204304,5301,,47,6D0
,,,Extended,Customs Extension,,AA603409845,5301,,47,6D0
,,,Extended,Customs Extension,,AA603406247,5301,,47,6D0
,,,Extended,Customs Extension,,AA603407732,5301,,47,6D0
,,,Extended,Customs Extension,,AA603407443,5301,,47,6D0
,,,Extended,Customs Extension,,AA603407278,5301,,47,6D0
,,,Extended,Customs Extension,,AA603407054,5301,,47,6D0
,,,Extended,Customs Extension,,AA603406999,5301,,47,6D0
,,,Extended,Customs Extension,,AA603406783,5301,,47,6D0
,,,Extended,Customs Extension,,AA603406718,5301,,47,6D0
,,,Extended,Customs Extension,,AA603406445,5301,,47,6D0
,,,Extended,Customs Extension,,AA603406510,5301,,47,6D0
,,,Extended,Customs Extension,,AA603406395,5301,,47,6D0
,,,Extended,Customs Extension,,AA603406346,5301,,47,6D0
,,,Extended,Customs Extension,,AA603406361,5301,,47,6D0
,,,Extended,Customs Extension,,AA603406197,5301,,47,6D0
,,,Extended,Customs Extension,,AA603406254,5301,,47,6D0
,,,Extended,Customs Extension,,AA603406239,5301,,47,6D0
,,,Extended,Customs Extension,,AA603406221,5301,,47,6D0
,,,Extended,Customs Extension,,AA603406213,5301,,47,6D0
,,,Extended,Customs Extension,,AA603406205,5301,,47,6D0
,,,Extended,Customs Extension,,DY219200176,5301,,47,6D0
,,,Extended,Customs Extension,,JF901295655,5301,,47,6D0
,,,Extended,Customs Extension,,AA603409308,5301,,47,6D0
,,,Extended,Customs Extension,,AA603403780,5301,,47,6D0
,,,Extended,Customs Extension,,W6930064655,5301,,47,6D0
,,,Extended,Customs Extension,,W6930064630,5301,,47,6D0
,,,Extended,Customs Extension,,DY219200267,5301,,47,6D0
,,,Extended,Customs Extension,,DY219200259,5301,,47,6D0
,,,Extended,Customs Extension,,DY219200226,5301,,47,6D0
,,,Extended,Customs Extension,,AA603404606,5301,,47,6D0
,,,Extended,Customs Extension,,JF901316097,5301,,47,6D0
,,,Extended,Customs Extension,,JF901314654,5301,,47,6D0
,,,Extended,Customs Extension,,WBA10136785,5301,,47,6D0
,,,Extended,Customs Extension,,WBA10136793,5301,,47,6D0
,,,Liquidated,Drawback Denied,Change Decrease,BER90159714,5301,,47,6D0
,,,Liquidated,,Change Increase,9S300000418,5301,,47,6D0
,,,Liquidated,Drawback Denied,Change Increase,EAQ00055686,5301,,47,6D0
,,,Liquidated,,Change Decrease,BER90170208,5301,,47,6D0
,,,Liquidated,,No Change,NP810003426,5301,,47,6D0
,,,Liquidated,,No Change,NP810003400,5301,,47,6D0
,,,Liquidated,,No Change,AA603403194,5301,,47,6D0
,,,Liquidated,,No Change,NP810003418,5301,,47,6D0
,,,Liquidated,,No Change,BER90162114,5301,,47,6D0
,,,Liquidated,,No Change,AA603406379,5301,,47,6D0
,,,Liquidated,,No Change,BER90176056,5301,,47,6D0
,,,Liquidated,,No Change,AA603409258,5301,,47,6D0
,,,Liquidated,,No Change,AA603409373,5301,,47,6D0
,,,Liquidated,,No Change,SQ310089462,5301,,47,6D0
,,,Liquidated,,No Change,SQ310089272,5301,,47,6D0
,,,Liquidated,,No Change,AA603411866,5301,,47,6D0
,,,Liquidated,,No Change,BER90179415,5301,,47,6D0
,,,Liquidated,,No Change,WBA10137890,5301,,47,6D0
,,,Liquidated,,No Change,BER90179423,5301,,47,6D0
,,,Liquidated,,No Change,SQ310089843,5301,,47,6D0
,,,Liquidated,,No Change,AA603408896,5301,,47,6D0
,,,Liquidated,,Change Decrease,WBA10137866,5301,,47,6D0
,,,Liquidated,,No Change,BER90179738,5301,,47,6D0
,,,Liquidated,,No Change,SQ310089264,5301,,47,6D0
,,,Liquidated,,No Change,WBA10137809,5301,,47,6D0
,,,Liquidated,,No Change,BER90179704,5301,,47,6D0
,,,Liquidated,,No Change,AA603407948,5301,,47,6D0
,,,Liquidated,,No Change,WBA10137783,5301,,47,6D0
,,,Liquidated,,No Change,BER90179688,5301,,47,6D0
,,,Liquidated,,No Change,SQ310075479,5301,,47,6D0
,,,Liquidated,,No Change,SQ310075461,5301,,47,6D0
,,,Liquidated,,No Change,SQ310074993,5301,,47,6D0
,,,Liquidated,,No Change,BER90161223,5301,,47,6D0
,,,Liquidated,,Change Decrease,DL700003411,5301,,47,6D0
,,,Liquidated,,Change Decrease,AA603401453,5301,,47,6D0
,,,Liquidated,,Change Increase,SQ310090023,5301,,47,6D0
,,,Liquidated,,No Change,SQ310090015,5301,,47,6D0
,,,Liquidated,,No Change,71602003239,5301,,47,6D0
,,,Liquidated,,No Change,BER90160001,5301,,47,6D0
,,,Liquidated,,No Change,BVK01606131,5301,,47,6D0
,,,Re-liquidated,,No Change,AA603409126,5301,,47,6D0
,,,Liquidated,,No Change,71602003205,5301,,47,6D0
,,,Liquidated,,No Change,BER90156645,5301,,47,6D0
,,,Liquidated,,No Change,71602003213,5301,,47,6D0
,,,Liquidated,,No Change,BER90145762,5301,,47,6D0
,,,Liquidated,,No Change,BER90149335,5301,,47,6D0
,,,Liquidated,,No Change,71602003221,5301,,47,6D0
,,,Liquidated,,No Change,BER90156637,5301,,47,6D0
,,,Liquidated,,No Change,BER90155449,5301,,47,6D0
,,,Extended,Customs Extension,,AHQ20190066,5301,,47,6D0
,,,Extended,Customs Extension,,DY219200176,5301,,47,6D0
,,,Extended,Customs Extension,,DY219200143,5301,,47,6D0
,,,Extended,Customs Extension,,JF901296570,5301,,47,6D0
,,,Extended,Customs Extension,,JF901315974,5301,,47,6D0
,,,Extended,Customs Extension,,BER90153311,5301,,47,6D0
,,,Extended,Customs Extension,,AA603409415,5301,,47,6D0
,,,Extended,Customs Extension,,94324092439,5301,,47,6D0
,,,Extended,Customs Extension,,94324092413,5301,,47,6D0
,,,Extended,Customs Extension,,94324092405,5301,,47,6D0
,,,Extended,Customs Extension,,94324092397,5301,,47,6D0
,,,Extended,Customs Extension,,BER90159714,5301,,47,6D0
,,,Extended,Customs Extension,,94324092504,5301,,47,6D0
,,,Extended,Customs Extension,,94324092389,5301,,47,6D0
,,,Extended,Customs Extension,,AA603409415,5301,,47,6D0
,,,Extended,Customs Extension,,DY219200184,5301,,47,6D0
,,,Extended,Customs Extension,,DY219200168,5301,,47,6D0
,,,Extended,Customs Extension,,DY219200150,5301,,47,6D0
,,,Suspended,Other 1 Suspend,,AHQ00020259,5301,,47,6D0
,,,Extended,Customs Extension,,BER90171768,5301,,47,6D0
,,,Extended,Customs Extension,,AA603410819,5301,,47,6D0
,,,Extended,Customs Extension,,AA603404655,5301,,47,6D0
,,,Extended,Customs Extension,,AHQ00020705,5301,,47,6D0
,,,Extended,Customs Extension,,AHQ00020390,5301,,47,6D0
,,,Extended,Customs Extension,,AHQ00020366,5301,,47,6D0
,,,Liquidated,,Change Increase,BER90172501,5301,,47,6D0
,,,Re-liquidated,,Change Increase,AA603403749,5301,,47,6D0
,,,Liquidated,,No Change,AA603403640,5301,,47,6D0
,,,Re-liquidated,,Change Increase,AA603402451,5301,,47,6D0
,,,Liquidated,,Change Increase,BER90204239,5301,,47,6D0
,,,Liquidated,,No Change,AA603401479,5301,,47,6D0
,,,Liquidated,,No Change,AA603402667,5301,,47,6D0
,,,Liquidated,,Change Decrease,AA603402386,5301,,47,6D0
,,,Liquidated,,Change Increase,8RM00000686,5301,,47,6D0
,,,Liquidated,,Change Increase,40817259689,5301,,47,6D0
,,,Liquidated,,No Change,40817259671,5301,,47,6D0
,,,Liquidated,,No Change,NP810003392,5301,,47,6D0
,,,Liquidated,,No Change,NP810003384,5301,,47,6D0
,,,Liquidated,,No Change,NP810003376,5301,,47,6D0
,,,Liquidated,,No Change,NP810003368,5301,,47,6D0
,,,Liquidated,,No Change,NP810003350,5301,,47,6D0
,,,Liquidated,,No Change,NP810003343,5301,,47,6D0
,,,Liquidated,Drawback Denied,Change Decrease,DL700007503,5301,,47,6D0
,,,Liquidated,,No Change,DL700007461,5301,,47,6D0
,,,Liquidated,,No Change,NP810010694,5301,,47,6D0
,,,Liquidated,,No Change,BER90155340,5301,,47,6D0
,,,Liquidated,,No Change,DL700007370,5301,,47,6D0
,,,Liquidated,,No Change,DL700007420,5301,,47,6D0
,,,Liquidated,,No Change,DL700007412,5301,,47,6D0
,,,Liquidated,,No Change,DL700007529,5301,,47,6D0
,,,Liquidated,,No Change,DL700007339,5301,,47,6D0
,,,Liquidated,,No Change,DL700007438,5301,,47,6D0
,,,Liquidated,,No Change,DL700007487,5301,,47,6D0
,,,Liquidated,,No Change,SQ310095444,5301,,47,6D0
,,,Liquidated,,No Change,SQ310092805,5301,,47,6D0
,,,Liquidated,,No Change,SQ310091757,5301,,47,6D0
,,,Re-liquidated,,Change Increase,D9712748547,5301,,47,6D0
,,,Re-liquidated,,No Change,SQ310089959,5301,,47,6D0
,,,Liquidated,,Change Increase,ARV60232159,5301,,47,6D0
,,,Liquidated,,No Change,SQ310094983,5301,,47,6D0
,,,Liquidated,,Change Increase,AA603409126,5301,,47,6D0
,,,Liquidated,,Change Increase,BER90172246,5301,,47,6D0
,,,Liquidated,,No Change,DL700007404,5301,,47,6D0
,,,Extended,Customs Extension,,BER90212588,5301,,47,6D0
,,,Extended,Customs Extension,,8RM00000660,5301,,47,6D0
,,,Extended,Customs Extension,,W6930064572,5301,,47,6D0
,,,Extended,Customs Extension,,BER90159193,5301,,47,6D0
,,,Extended,Customs Extension,,BER90159094,5301,,47,6D0
,,,Extended,Customs Extension,,BER90159086,5301,,47,6D0
,,,Extended,Customs Extension,,BER90203686,5301,,47,6D0
,,,Extended,Customs Extension,,WBA10136769,5301,,47,6D0
,,,Liquidated,,No Change,DL700009327,5301,,47,6D0
,,,Liquidated,,No Change,BER90204213,5301,,47,6D0
,,,Liquidated,,No Change,AA603409043,5301,,47,6D0
,,,Liquidated,,No Change,71602003148,5301,,47,6D0
,,,Liquidated,,Change Increase,AA603402964,5301,,47,6D0
,,,Liquidated,,No Change,71602003122,5301,,47,6D0
,,,Liquidated,,No Change,71602003155,5301,,47,6D0
,,,Liquidated,,No Change,AA603404176,5301,,47,6D0
,,,Liquidated,,Change Decrease,DY219200077,5301,,47,6D0
,,,Liquidated,,Change Increase,AA603403376,5301,,47,6D0
,,,Liquidated,,No Change,DL700009301,5301,,47,6D0
,,,Liquidated,,No Change,BER90158534,5301,,47,6D0
,,,Liquidated,,Change Increase,BER90147362,5301,,47,6D0
,,,Liquidated,,Change Increase,BER90158658,5301,,47,6D0
,,,Liquidated,,Change Increase,AA603403913,5301,,47,6D0
,,,Liquidated,,No Change,AA603404929,5301,,47,6D0
,,,Liquidated,,Change Increase,W6930065256,5301,,47,6D0
,,,Liquidated,,Change Increase,BER90151018,5301,,47,6D0
,,,Liquidated,,Change Decrease,BER90155324,5301,,47,6D0
,,,Liquidated,,Change Increase,W6930065314,5301,,47,6D0
,,,Liquidated,,Change Increase,W6930065306,5301,,47,6D0
,,,Extended,Customs Extension,,AA603408961,5301,,47,6D0
,,,Extended,Customs Extension,,AA603408359,5301,,47,6D0
,,,Extended,Customs Extension,,BER90170687,5301,,47,6D0
,,,Extended,Customs Extension,,BER90170349,5301,,47,6D0
,,,Extended,Customs Extension,,BER90170208,5301,,47,6D0
,,,Extended,Customs Extension,,W6930066502,5301,,47,6D0
,,,Extended,Customs Extension,,W6930065272,5301,,47,6D0
,,,Extended,Customs Extension,,W6930065249,5301,,47,6D0
,,,Extended,Customs Extension,,W6930065231,5301,,47,6D0
,,,Extended,Customs Extension,,W6930065223,5301,,47,6D0
,,,Extended,Customs Extension,,BER90158682,5301,,47,6D0
,,,Extended,Customs Extension,,BER90158666,5301,,47,6D0
,,,Extended,Customs Extension,,BER90151018,5301,,47,6D0
,,,Extended,Customs Extension,,WBA10136744,5301,,47,6D0
,,,Liquidated,,No Change,BER90158450,5301,,47,6D0
,,,Liquidated,,No Change,ARV60226060,5301,,47,6D0
,,,Liquidated,,No Change,ARV60225963,5301,,47,6D0
,,,Liquidated,,Change Increase,AA603403749,5301,,47,6D0
,,,Liquidated,,No Change,BMK08313825,5301,,47,6D0
,,,Liquidated,,No Change,BMK08313841,5301,,47,6D0
,,,Liquidated,,No Change,BMK08312843,5301,,47,6D0
,,,Liquidated,,No Change,BMK08311928,5301,,47,6D0
,,,Liquidated,,No Change,BMK08311910,5301,,47,6D0
,,,Liquidated,,Change Increase,D9712748547,5301,,47,6D0
,,,Liquidated,,No Change,ARV60226052,5301,,47,6D0
,,,Liquidated,,Change Increase,D9712763413,5301,,47,6D0
,,,Liquidated,,No Change,ARV60225997,5301,,47,6D0
,,,Liquidated,,No Change,ARV60225971,5301,,47,6D0
,,,Liquidated,,No Change,ARV60225989,5301,,47,6D0
,,,Liquidated,,No Change,BER90158476,5301,,47,6D0
,,,Liquidated,,No Change,ARV60226003,5301,,47,6D0
,,,Liquidated,,Change Increase,E5S99993083,5301,,47,6D0
,,,Liquidated,Drawback Denied,Change Decrease,AA603400240,5301,,47,6D0
,,,Liquidated,,Change Increase,BER90140664,5301,,47,6D0
,,,Liquidated,,No Change,BER90158641,5301,,47,6D0
,,,Liquidated,,No Change,BER90171917,5301,,47,6D0
,,,Liquidated,,No Change,ARV60228488,5301,,47,6D0
,,,Liquidated,Drawback Denied,Change Decrease,AA603400208,5301,,47,6D0
,,,Liquidated,,No Change,9TY00085578,5301,,47,6D0
,,,Liquidated,,Change Increase,AA603408995,5301,,47,6D0
,,,Liquidated,,No Change,AA603404184,5301,,47,6D0
,,,Liquidated,,Change Increase,BER90204155,5301,,47,6D0
,,,Extended,Customs Extension,,BER90158534,5301,,47,6D0
,,,Extended,Customs Extension,,JF901315123,5301,,47,6D0
,,,Extended,Customs Extension,,BER90171628,5301,,47,6D0
,,,Extended,Customs Extension,,BER90170554,5301,,47,6D0
,,,Extended,Customs Extension,,BER90170547,5301,,47,6D0
,,,Extended,Customs Extension,,BER90170539,5301,,47,6D0
,,,Extended,Customs Extension,,BER90170521,5301,,47,6D0
,,,Extended,Customs Extension,,BER90170018,5301,,47,6D0
,,,Extended,Customs Extension,,BER90170000,5301,,47,6D0
,,,Extended,Customs Extension,,BER90169994,5301,,47,6D0
,,,Extended,Customs Extension,,BER90169986,5301,,47,6D0
,,,Extended,Customs Extension,,BER90169978,5301,,47,6D0
,,,Extended,Customs Extension,,BER90169960,5301,,47,6D0
,,,Extended,Customs Extension,,BER90166974,5301,,47,6D0
,,,Extended,Customs Extension,,BER90164334,5301,,47,6D0
,,,Extended,Customs Extension,,BER90164326,5301,,47,6D0
,,,Extended,Customs Extension,,BER90164169,5301,,47,6D0
,,,Extended,Customs Extension,,BER90164151,5301,,47,6D0
,,,Extended,Customs Extension,,BER90163799,5301,,47,6D0
,,,Extended,Customs Extension,,BER90163369,5301,,47,6D0
,,,Extended,Customs Extension,,BER90172584,5301,,47,6D0
,,,Extended,Customs Extension,,BER90172568,5301,,47,6D0
,,,Extended,Customs Extension,,BER90172550,5301,,47,6D0
,,,Extended,Customs Extension,,BER90172543,5301,,47,6D0
,,,Extended,Customs Extension,,BER90172535,5301,,47,6D0
,,,Extended,Customs Extension,,BER90172527,5301,,47,6D0
,,,Extended,Customs Extension,,BER90171644,5301,,47,6D0
,,,Extended,Customs Extension,,BER90171636,5301,,47,6D0
,,,Extended,Customs Extension,,BER90171628,5301,,47,6D0
,,,Extended,Customs Extension,,BER90171610,5301,,47,6D0
,,,Extended,Customs Extension,,BER90158641,5301,,47,6D0
,,,Extended,Customs Extension,,BER90158641,5301,,47,6D0
,,,Extended,Customs Extension,,8RM00000603,5301,,47,6D0
,,,Liquidated,,No Change,BER90158435,5301,,47,6D0
,,,Liquidated,,No Change,BER90212893,5301,,47,6D0
,,,Liquidated,,No Change,BER90156041,5301,,47,6D0
,,,Liquidated,,No Change,ARV60226045,5301,,47,6D0
,,,Liquidated,,Change Increase,D9712748430,5301,,47,6D0
,,,Liquidated,,No Change,AA603411775,5301,,47,6D0
,,,Liquidated,,No Change,BER90158443,5301,,47,6D0
,,,Liquidated,,No Change,BER90212976,5301,,47,6D0
,,,Liquidated,,No Change,71602002892,5301,,47,6D0
,,,Liquidated,,No Change,ARV60225914,5301,,47,6D0
,,,Liquidated,,No Change,AA603404242,5301,,47,6D0
,,,Liquidated,,No Change,AA603403988,5301,,47,6D0
,,,Liquidated,,No Change,AA603403574,5301,,47,6D0
,,,Liquidated,,No Change,ARV60225880,5301,,47,6D0
,,,Liquidated,,No Change,ARV60225930,5301,,47,6D0
,,,Liquidated,,No Change,ARV60225872,5301,,47,6D0
,,,Liquidated,,No Change,AA603406304,5301,,47,6D0
,,,Liquidated,,No Change,BER90212547,5301,,47,6D0
,,,Liquidated,,No Change,BER90212505,5301,,47,6D0
,,,Liquidated,,No Change,ARV60225898,5301,,47,6D0
,,,Extended,Customs Extension,,ARV60226037,5301,,47,6D0
,,,Extended,Customs Extension,,W6930064952,5301,,47,6D0
,,,Extended,Customs Extension,,W6930064978,5301,,47,6D0
,,,Extended,Customs Extension,,W6930064986,5301,,47,6D0
,,,Extended,Customs Extension,,W6930064994,5301,,47,6D0
,,,Extended,Customs Extension,,W6930065017,5301,,47,6D0
,,,Extended,Customs Extension,,W6930065025,5301,,47,6D0
,,,Extended,Customs Extension,,W6930065033,5301,,47,6D0
,,,Extended,Customs Extension,,W6930065041,5301,,47,6D0
,,,Extended,Customs Extension,,W6930065058,5301,,47,6D0
,,,Extended,Customs Extension,,W6930065066,5301,,47,6D0
,,,Extended,Customs Extension,,W6930065074,5301,,47,6D0
,,,Extended,Customs Extension,,W6930065082,5301,,47,6D0
,,,Extended,Customs Extension,,W6930065108,5301,,47,6D0
,,,Extended,Customs Extension,,W6930065116,5301,,47,6D0
,,,Extended,Customs Extension,,W6930065124,5301,,47,6D0
,,,Extended,Customs Extension,,W6930065132,5301,,47,6D0
,,,Extended,Customs Extension,,W6930065140,5301,,47,6D0
,,,Extended,Customs Extension,,W6930065157,5301,,47,6D0
,,,Extended,Customs Extension,,W6930065173,5301,,47,6D0
,,,Extended,Customs Extension,,W6930065181,5301,,47,6D0
,,,Extended,Customs Extension,,W6930065199,5301,,47,6D0
,,,Extended,Customs Extension,,W6930065207,5301,,47,6D0
,,,Extended,Customs Extension,,BER90157924,5301,,47,6D0
,,,Extended,Customs Extension,,8RM00000751,5301,,47,6D0
,,,Extended,Customs Extension,,8RM00000736,5301,,47,6D0
,,,Extended,Customs Extension,,8RM00000694,5301,,47,6D0
,,,Extended,Customs Extension,,8RM00000652,5301,,47,6D0
,,,Extended,Customs Extension,,8RM00000629,5301,,47,6D0
,,,Extended,Customs Extension,,8RM00000546,5301,,47,6D0
,,,Extended,Customs Extension,,8RM00000595,5301,,47,6D0
,,,Extended,Customs Extension,,AHQ77777773,5301,,47,6D0
,,,Extended,Customs Extension,,D9712748547,5301,,47,6D0
,,,Extended,Customs Extension,,W6930064937,5301,,47,6D0
,,,Liquidated,,No Change,ARV60161176,5301,,47,6D0
,,,Liquidated,,No Change,D9712259164,5301,,47,6D0
,,,Liquidated,,No Change,D9712259248,5301,,47,6D0
,,,Liquidated,,No Change,D9712292389,5301,,47,6D0
,,,Liquidated,,No Change,D9712275814,5301,,47,6D0
